DROP TABLE IF EXISTS `channel`;

CREATE TABLE `channel` (
  `id` bigint(20) NOT NULL AUTO_INCREMENT,
  `create_date_time` datetime NOT NULL,
  `update_date_time` datetime NOT NULL,
  `deleted` tinyint(4) NOT NULL,
  `version` bigint(20) DEFAULT NULL,
  `channel_key` varchar(50) COLLATE utf8_bin DEFAULT NULL COMMENT '频道Key',
  `channel_name` varchar(50) COLLATE utf8_bin DEFAULT NULL COMMENT '频道名称',
  `sort` int(10) DEFAULT NULL COMMENT '频道排序',
  `can_delete` tinyint(4) DEFAULT NULL COMMENT '是否能够删除频道',
  `default_channel` tinyint(4) DEFAULT NULL COMMENT '默认频道',
  `spm` varchar(255) COLLATE utf8_bin NOT NULL,
  PRIMARY KEY (`id`)
) ENGINE=InnoDB DEFAULT CHARSET=utf8 COLLATE=utf8_bin;

LOCK TABLES `channel` WRITE;
/*!40000 ALTER TABLE `channel` DISABLE KEYS */;

INSERT INTO `channel` (`id`, `create_date_time`, `update_date_time`, `deleted`, `version`, `channel_key`, `channel_name`, `sort`, `can_delete`, `default_channel`, `spm`)
VALUES
	(2,'2018-01-01 00:00:00','2018-01-01 00:00:00',0,0,X'31303031',X'E8AEA2E99885',1,0,1,X'313131313131'),
	(3,'2018-01-01 00:00:00','2018-01-01 00:00:00',0,0,X'31303032',X'E5A4B4E69DA1',2,0,1,X''),
	(4,'2018-01-01 00:00:00','2018-01-01 00:00:00',0,0,X'31303033',X'E5A8B1E4B990',3,1,1,X''),
	(6,'2018-01-01 00:00:00','2018-01-01 00:00:00',0,0,X'31303034',X'E7A4BEE4BC9A',4,1,1,X''),
	(7,'2018-01-01 00:00:00','2018-01-01 00:00:00',0,0,X'31303035',X'E6909EE7AC91',5,1,1,X''),
	(8,'2018-01-01 00:00:00','2018-01-01 00:00:00',0,0,X'31303036',X'E697B6E694BF',6,1,1,X''),
	(9,'2018-01-01 00:00:00','2018-01-01 00:00:00',0,0,X'31303037',X'E68385E6849F',7,1,1,X''),
	(10,'2018-01-01 00:00:00','2018-01-01 00:00:00',0,0,X'31303038',X'E581A5E5BAB7',8,1,0,X''),
	(11,'2018-01-01 00:00:00','2018-01-01 00:00:00',0,0,X'31303039',X'E6B1BDE8BDA6',9,1,0,X''),
	(12,'2018-01-01 00:00:00','2018-01-01 00:00:00',0,0,X'31303130',X'E69599E882B2',10,1,0,X''),
	(13,'2018-01-01 00:00:00','2018-01-01 00:00:00',0,0,X'31303131',X'E882B2E584BF',11,1,0,X''),
	(14,'2018-01-01 00:00:00','2018-01-01 00:00:00',0,0,X'31303132',X'E8B4A2E7BB8F',12,1,1,X''),
	(15,'2018-01-01 00:00:00','2018-01-01 00:00:00',0,0,X'31303133',X'E5869BE4BA8B',13,1,1,X''),
	(16,'2018-01-01 00:00:00','2018-01-01 00:00:00',0,0,X'31303134',X'E697B6E5B09A',14,1,0,X''),
	(17,'2018-01-01 00:00:00','2018-01-01 00:00:00',0,0,X'31303135',X'E4BD93E882B2',15,1,1,X''),
	(18,'2018-01-01 00:00:00','2018-01-01 00:00:00',0,0,X'31303136',X'E7BE8EE9A39F',16,1,0,X''),
	(19,'2018-01-01 00:00:00','2018-01-01 00:00:00',0,0,X'31303137',X'E69785E6B8B8',17,1,0,X''),
	(20,'2018-01-01 00:00:00','2018-01-01 00:00:00',0,0,X'31303138',X'E7A791E68A80',18,1,0,X''),
	(21,'2018-01-01 00:00:00','2018-01-01 00:00:00',0,0,X'31303230',X'E695B0E7A081',20,1,1,X''),
	(22,'2018-01-01 00:00:00','2018-01-01 00:00:00',0,0,X'31303231',X'E6B8B8E6888F',21,1,1,X''),
	(23,'2018-01-01 00:00:00','2018-01-01 00:00:00',0,0,X'31303232',X'E697B6E8BF90E6989FE5BAA7',22,1,0,X''),
	(24,'2018-01-01 00:00:00','2018-01-01 00:00:00',0,0,X'31303233',X'E5A587E997BBE8B6A3E4BA8B',23,1,0,X''),
	(25,'2018-01-01 00:00:00','2018-01-01 00:00:00',0,0,X'31303234',X'E5AEA0E789A9',24,1,0,X''),
	(26,'2018-01-01 00:00:00','2018-01-01 00:00:00',0,0,X'31303235',X'E58E86E58FB2',25,1,0,X''),
	(27,'2018-01-01 00:00:00','2018-01-01 00:00:00',0,0,X'31303236',X'E8818CE59CBA',26,1,0,X''),
	(28,'2018-01-01 00:00:00','2018-01-01 00:00:00',0,0,X'31303237',X'E4BA8CE6ACA1E58583',27,1,0,X''),
	(29,'2018-01-01 00:00:00','2018-01-01 00:00:00',0,0,X'31303238',X'E4BABAE69687E889BAE69CAF',28,1,0,X''),
	(30,'2018-01-01 00:00:00','2018-01-01 00:00:00',0,0,X'31303239',X'E69585E4BA8BE7BE8EE69687',29,1,0,X''),
	(31,'2018-01-01 00:00:00','2018-01-01 00:00:00',0,0,X'31303330',X'E887AAE784B6',30,1,0,X''),
	(32,'2018-01-01 00:00:00','2018-01-01 00:00:00',0,0,X'31303139',X'E688BFE4BAA7',19,1,0,X'');

/*!40000 ALTER TABLE `channel` ENABLE KEYS */;
UNLOCK TABLES;


# Dump of table channel_content
# ------------------------------------------------------------

DROP TABLE IF EXISTS `channel_content`;

CREATE TABLE `channel_content` (
  `id` bigint(20) NOT NULL AUTO_INCREMENT,
  `create_date_time` datetime NOT NULL,
  `update_date_time` datetime NOT NULL,
  `deleted` tinyint(4) NOT NULL,
  `version` bigint(20) DEFAULT NULL,
  `channel_id` bigint(20) DEFAULT NULL COMMENT '频道Id',
  `content_id` bigint(20) DEFAULT NULL COMMENT '内容ID',
  PRIMARY KEY (`id`)
) ENGINE=InnoDB DEFAULT CHARSET=utf8 COLLATE=utf8_bin;

LOCK TABLES `channel_content` WRITE;
/*!40000 ALTER TABLE `channel_content` DISABLE KEYS */;

INSERT INTO `channel_content` (`id`, `create_date_time`, `update_date_time`, `deleted`, `version`, `channel_id`, `content_id`)
VALUES
	(1,'2018-08-01 00:00:00','2018-08-01 00:00:00',0,1,3,1),
	(2,'2018-08-01 00:00:00','2018-08-01 00:00:00',0,1,3,2),
	(3,'2018-08-01 00:00:00','2018-08-01 00:00:00',0,1,3,3),
	(4,'2018-08-01 00:00:00','2018-08-01 00:00:00',0,1,3,4),
	(5,'2018-08-01 00:00:00','2018-08-01 00:00:00',0,1,3,5),
	(6,'2018-08-01 00:00:00','2018-08-01 00:00:00',0,1,3,6),
	(7,'2018-08-01 00:00:00','2018-08-01 00:00:00',0,1,3,7),
	(8,'2018-08-01 00:00:00','2018-08-01 00:00:00',0,1,3,8),
	(9,'2018-08-01 00:00:00','2018-08-01 00:00:00',0,1,3,9),
	(10,'2018-08-01 00:00:00','2018-08-01 00:00:00',0,1,3,10),
	(11,'2018-08-01 00:00:00','2018-08-01 00:00:00',0,1,3,11),
	(12,'2018-08-01 00:00:00','2018-08-01 00:00:00',0,1,3,12),
	(13,'2018-08-01 00:00:00','2018-08-01 00:00:00',0,1,3,13),
	(14,'2018-08-01 00:00:00','2018-08-01 00:00:00',0,1,3,14);

/*!40000 ALTER TABLE `channel_content` ENABLE KEYS */;
UNLOCK TABLES;


# Dump of table content
# ------------------------------------------------------------

DROP TABLE IF EXISTS `content`;

CREATE TABLE `content` (
  `id` bigint(20) NOT NULL AUTO_INCREMENT,
  `create_date_time` datetime NOT NULL,
  `update_date_time` datetime NOT NULL,
  `deleted` tinyint(4) NOT NULL,
  `version` bigint(20) DEFAULT NULL,
  `content_title` varchar(50) COLLATE utf8_bin DEFAULT NULL COMMENT '内容标题',
  `content_image` varchar(2000) COLLATE utf8_bin DEFAULT NULL COMMENT '内容图片',
  `content_detail` text COLLATE utf8_bin COMMENT '内容详情',
  `content_type` int(4) DEFAULT NULL COMMENT '内容类型',
  `user_id` bigint(20) DEFAULT NULL COMMENT '内容作者',
  `like_number` bigint(20) DEFAULT NULL COMMENT '点赞次数',
  `view_number` bigint(20) DEFAULT NULL COMMENT '浏览次数',
  `collection_number` bigint(20) DEFAULT NULL COMMENT '收藏次数',
  `content_profit` decimal(26,10) DEFAULT NULL COMMENT '文章收益',
  PRIMARY KEY (`id`)
) ENGINE=InnoDB DEFAULT CHARSET=utf8 COLLATE=utf8_bin;

LOCK TABLES `content` WRITE;
/*!40000 ALTER TABLE `content` DISABLE KEYS */;

INSERT INTO `content` (`id`, `create_date_time`, `update_date_time`, `deleted`, `version`, `content_title`, `content_image`, `content_detail`, `content_type`, `user_id`, `like_number`, `view_number`, `collection_number`, `content_profit`)
VALUES
	(1,'2018-08-01 00:00:00','2018-10-16 11:26:15',0,10,X'E69886E5B1B122E9BE99E593A522E8BF98E9AD82EFBC9FE8ADA6E696B93A32E69C88E5898DE68B8DE6918420E8A786E9A291E4B8ADE794B7E5AD90E8A2ABE68B98',X'5B7B22636F766572223A202268747470733A2F2F636D732D6275636B65742E6E6F73646E2E3132372E6E65742F323031382F30392F31312F36303836646334323863343134353963623764356530646264316337373232662E706E67227D2C7B22636F766572223A202268747470733A2F2F636D732D6275636B65742E6E6F73646E2E3132372E6E65742F323031382F30392F31312F36303836646334323863343134353963623764356530646264316337373232662E706E67227D2C7B22636F766572223A202268747470733A2F2F636D732D6275636B65742E6E6F73646E2E3132372E6E65742F323031382F30392F31312F36303836646334323863343134353963623764356530646264316337373232662E706E67227D5D',X'68747470733A2F2F33672E3136332E636F6D2F6E6577732F61727469636C652F4452453032464E32303030313839394E2E68746D6C',1,1,0,0,4,0.0000000000),
	(2,'2018-08-01 01:00:00','2018-10-17 03:37:58',0,93,X'E8BF87E8BF87E79CBCE798BE20E99BAAE4BD9BE585B0E58F91E5B883E5BA93E7BD97E5BEB7205A5232204269736F6EE5AE98E59BBE',X'5B7B22636F766572223A202268747470733A2F2F636D732D6275636B65742E6E6F73646E2E3132372E6E65742F323031382F30392F31312F65653065396261623063353634316134626466376463323732313637363130362E6A706567227D2C7B22636F766572223A202268747470733A2F2F636D732D6275636B65742E6E6F73646E2E3132372E6E65742F323031382F30392F31312F65653065396261623063353634316134626466376463323732313637363130362E6A706567227D2C7B22636F766572223A202268747470733A2F2F636D732D6275636B65742E6E6F73646E2E3132372E6E65742F323031382F30392F31312F65653065396261623063353634316134626466376463323732313637363130362E6A706567227D5D',X'68747470733A2F2F33672E3136332E636F6D2F6175746F2F61727469636C652F445243514A30375330303038383536522E68746D6C3F636C69636B66726F6D3D6368616E6E656C323031385F6175746F5F696E6465785F6E6577736C697374267665723D63236368696C643D696E646578266F66667365743D3233',1,1,3,0,6,0.0000000000),
	(3,'2018-08-01 01:00:00','2018-10-17 03:37:59',0,52,X'E9878CE79AAE3AE5AFB9E689B9E8AF84E5A3B0E697A9E69C89E58786E5A48720E5AFB9E8B081E6BBA1E6848FE79C8BE4BA9AE6B4B2E69DAFE5908DE58D95E590A7',X'5B7B22636F766572223A202268747470733A2F2F7069632D6275636B65742E6E6F73646E2E3132372E6E65742F70686F746F2F303030352F323031382D30392D31312F4452434F4453454B30423443303030354E4F532E6A7067227D5D',X'68747470733A2F2F33672E3136332E636F6D2F73706F7274732F61727469636C652F445244363836305330303035383738302E68746D6C3F636C69636B66726F6D3D6368616E6E656C323031385F73706F7274735F696E6465785F6E6577736C697374267665723D63236368696C643D696E646578266F66667365743D32',2,1,3,0,6,0.0000000000),
	(4,'2018-08-01 01:00:00','2018-10-15 07:20:55',0,45,X'38E69C88E5A496E582A8E8A784E6A8A1E9998D38322E3330E4BABFE7BE8EE5858320E5889BE58EBBE5B9B43131E69C88E4BBA5E69DA5E696B0E4BD8E',X'5B7B22636F766572223A202268747470733A2F2F636D732D6275636B65742E6E6F73646E2E3132372E6E65742F323031382F30392F31312F61623865656362393764666134373233386131363139333238303863373033362E706E67227D5D',X'68747470733A2F2F33672E3136332E636F6D2F6D6F6E65792F61727469636C652F4452444B4642445330303235383130352E68746D6C3F636C69636B66726F6D3D6368616E6E656C323031385F6D6F6E65795F696E6465785F6E6577736C697374267665723D63236368696C643D696E646578266F66667365743D3133',2,1,2,0,4,0.0000000000),
	(5,'2018-08-01 01:00:00','2018-09-20 16:08:48',0,19,X'E586B2E7A0B4E4BCA0E7BB9FE69D9FE7BC9A20E4BB8EE88BB1E69C97E99480E9878FE59B9EE69A96E5868DE8B088E4B889E7BCB8E69CBA',X'5B7B22636F766572223A202268747470733A2F2F636D732D6275636B65742E6E6F73646E2E3132372E6E65742F323031382F30392F31312F63633630373863663536343634663564613663353838636237336332383736612E6A706567227D2C7B22636F766572223A202268747470733A2F2F636D732D6275636B65742E6E6F73646E2E3132372E6E65742F323031382F30392F31312F63633630373863663536343634663564613663353838636237336332383736612E6A706567227D2C7B22636F766572223A202268747470733A2F2F636D732D6275636B65742E6E6F73646E2E3132372E6E65742F323031382F30392F31312F63633630373863663536343634663564613663353838636237336332383736612E6A706567227D5D',X'68747470733A2F2F33672E3136332E636F6D2F6175746F2F61727469636C652F44524351484F514330303038383536522E68746D6C3F636C69636B66726F6D3D6368616E6E656C323031385F6175746F5F696E6465785F6E6577736C697374267665723D63236368696C643D696E646578266F66667365743D33',1,1,0,0,3,0.0000000000),
	(6,'2018-08-01 01:00:00','2018-09-20 16:08:49',0,9,X'E58D95E794B0E88AB3E5918AE588ABE4BBAAE5BC8F39E69C883135E697A5E4B8BEE8A18C20E98197E686BEE8BF98E69C89E8AF84E4B9A6E69CAAE8AFB4E5AE8C',X'5B7B22636F766572223A202268747470733A2F2F636D732D6275636B65742E6E6F73646E2E3132372E6E65742F323031382F30392F31312F61643034623065323335633234336631613731343938633264356631376330362E706E67227D5D',X'68747470733A2F2F33672E3136332E636F6D2F656E742F61727469636C652F4452454F414B4F533030303338464F392E68746D6C3F636C69636B66726F6D3D6368616E6E656C323031385F656E745F696E6465785F6E6577736C697374267665723D63236368696C643D696E646578266F66667365743D33',2,1,0,0,3,0.0000000000),
	(7,'2018-08-01 01:00:00','2018-09-29 12:10:53',0,10,X'E58F88E5BC80E782AEEFBC81E5B494E6B0B8E58583E58F91E69687E8B4A8E997AEE9BB84E6AF85E6B885E586AFE5B08FE5889AE58F8AE58D8EE8B08AE58584E5BC9F',X'5B7B22636F766572223A202268747470733A2F2F636D732D6275636B65742E6E6F73646E2E3132372E6E65742F323031382F30392F31312F35376637313365336236323034396333616235376164343463393961346134372E706E67227D5D',X'68747470733A2F2F33672E3136332E636F6D2F656E742F61727469636C652F44524548315051473030303338464F392E68746D6C3F636C69636B66726F6D3D6368616E6E656C323031385F656E745F696E6465785F6E6577736C697374267665723D63236368696C643D696E646578266F66667365743D35',2,1,0,0,2,0.0000000000),
	(8,'2018-08-01 01:00:00','2018-10-17 03:38:13',0,7,X'E5BCA0E99FB6E6B6B5E79BB4E8A880E69BBEE8A2ABE6AD8CE6898BE5908CE8A18CE4BCA4E5AEB320E7A7B0E2809CE58187E79A84E4BABAE5A4AAE5A49AE4BA86E2809D',X'5B7B22636F766572223A202268747470733A2F2F636D732D6275636B65742E6E6F73646E2E3132372E6E65742F323031382F30392F31312F64613730613234343330313734383364383233616336346236313365386461362E706E67227D5D',X'68747470733A2F2F33672E3136332E636F6D2F656E742F61727469636C652F4452444E533541333030303338464F392E68746D6C3F636C69636B66726F6D3D6368616E6E656C323031385F656E745F696E6465785F6E6577736C697374267665723D63236368696C643D696E646578266F66667365743D3137',2,1,0,0,2,0.0000000000),
	(9,'2018-08-01 01:00:00','2018-09-29 12:10:55',0,9,X'E3808AE59490E9A1BFE5BA84E59BADE3808BE794B5E5BDB1E6ADA3E5BC8FE5BC80E68B8D20E2809CE5A4A7E5B08FE5A790E2809DE58886E4BAABE78987E59CBAE785A7',X'205B7B22636F766572223A202268747470733A2F2F636D732D6275636B65742E6E6F73646E2E3132372E6E65742F323031382F30392F31312F30343133666262376536643434643762396362303736323364353430346131362E706E67227D5D',X'68747470733A2F2F33672E3136332E636F6D2F656E742F61727469636C652F44524549353748453030303338464F392E68746D6C3F636C69636B66726F6D3D6368616E6E656C323031385F656E745F696E6465785F6E6577736C697374267665723D63236368696C643D696E646578266F66667365743D3232',2,1,0,0,2,0.0000000000),
	(10,'2018-08-01 01:00:00','2018-09-20 16:08:58',0,9,X'E6ACA7E8B6B3E88194E5AE98E696B9E5AEA3E5B8833AE5B086E4BA8E32303231E5B9B4E8AEBEE7ACAC33E7BAA7E588ABE4BFB1E4B990E983A8E69DAFE8B59B',X'205B7B22636F766572223A202268747470733A2F2F636D732D6275636B65742E6E6F73646E2E3132372E6E65742F323031382F30392F31312F61336366353062376162386434336239616266373939386164363733306330392E706E67227D5D',X'68747470733A2F2F33672E3136332E636F6D2F73706F7274732F61727469636C652F445245484F36343530303035383738312E68746D6C3F636C69636B66726F6D3D6368616E6E656C323031385F73706F7274735F696E6465785F6E6577736C697374267665723D63236368696C643D696E646578266F66667365743D34',2,1,0,0,3,0.0000000000),
	(11,'2018-08-01 01:00:00','2018-09-27 11:25:00',0,9,X'E58887E5B094E8A5BFE68DA2E997A8E5B086E8A180E4BA8F36373330E4B887E6ACA7E58583EFBC81E585A8E698AFE59BA0E4B8BAE5BA93E5B094E59BBEE793A6',X'205B7B22636F766572223A202268747470733A2F2F636D732D6275636B65742E6E6F73646E2E3132372E6E65742F323031382F30392F31312F33346534303034303831626634303933383335633731316161623264356434312E706E67227D5D',X'68747470733A2F2F33672E3136332E636F6D2F73706F7274732F61727469636C652F44524448564A504630303035383738312E68746D6C3F636C69636B66726F6D3D6368616E6E656C323031385F73706F7274735F696E6465785F6E6577736C697374267665723D63236368696C643D696E646578266F66667365743D39',2,1,1,0,3,0.0000000000),
	(12,'2018-08-01 01:00:00','2018-09-20 16:09:00',0,8,X'E5A4A7E5B0BAE5AFB8E4BBB7E6A0BCE4BAB2E6B09120E5BC80E99BAAE4BD9BE585B0E696B0E68EA2E7958CE88085E58FAFE88286E6848FE69292E9878E',X'205B5D',X'68747470733A2F2F33672E3136332E636F6D2F6175746F2F61727469636C652F445244483532534230303038383536562E68746D6C3F636C69636B66726F6D3D6368616E6E656C323031385F6175746F5F696E6465785F6E6577736C697374267665723D63236368696C643D696E646578266F66667365743D34',3,1,0,0,3,0.0000000000),
	(13,'2018-08-01 01:00:00','2018-10-16 11:26:22',0,13,X'E695B4E4BD93E8BDA6E5B882E98187E586B72038E69C88E4B998E794A8E8BDA6E994803137332E34E4B887E8BE86E5908CE6AF94E9998D372E3425',X'205B5D',X'68747470733A2F2F33672E3136332E636F6D2F6175746F2F61727469636C652F44524530534D35373030303838344D4D2E68746D6C3F636C69636B66726F6D3D6368616E6E656C323031385F6175746F5F696E6465785F6E6577736C697374267665723D63236368696C643D696E646578266F66667365743D3133',3,1,1,0,2,0.0000000000),
	(14,'2018-08-01 01:00:00','2018-10-16 11:26:21',0,18,X'E8BF87E8BF87E79CBCE798BE20E99BAAE4BD9BE585B0E58F91E5B883E5BA93E7BD97E5BEB7205A5232204269736F6EE5AE98E59BBE',X'205B5D',X'68747470733A2F2F33672E3136332E636F6D2F6175746F2F61727469636C652F445243514A30375330303038383536522E68746D6C3F636C69636B66726F6D3D6368616E6E656C323031385F6175746F5F696E6465785F6E6577736C697374267665723D63236368696C643D696E646578266F66667365743D3233',3,1,2,0,4,0.0000000000);

/*!40000 ALTER TABLE `content` ENABLE KEYS */;
UNLOCK TABLES;


# Dump of table content_collection_event
# ------------------------------------------------------------

DROP TABLE IF EXISTS `content_collection_event`;

CREATE TABLE `content_collection_event` (
  `id` bigint(20) NOT NULL AUTO_INCREMENT,
  `create_date_time` datetime NOT NULL,
  `update_date_time` datetime NOT NULL,
  `deleted` tinyint(4) NOT NULL,
  `version` bigint(20) DEFAULT NULL,
  `external_content_id` varchar(50) COLLATE utf8_bin NOT NULL,
  `user_id` bigint(20) NOT NULL,
  `content_id` bigint(20) NOT NULL,
  PRIMARY KEY (`id`)
) ENGINE=InnoDB DEFAULT CHARSET=utf8 COLLATE=utf8_bin;



# Dump of table content_event
# ------------------------------------------------------------

DROP TABLE IF EXISTS `content_event`;

CREATE TABLE `content_event` (
  `id` bigint(20) NOT NULL AUTO_INCREMENT,
  `create_date_time` datetime NOT NULL,
  `update_date_time` datetime NOT NULL,
  `deleted` tinyint(4) NOT NULL,
  `version` bigint(20) DEFAULT NULL,
  `content_id` bigint(20) DEFAULT NULL COMMENT '内容Id',
  `event_type` int(4) DEFAULT NULL COMMENT '事件类型',
  `user_id` bigint(20) DEFAULT NULL COMMENT '用户ID',
  PRIMARY KEY (`id`)
) ENGINE=InnoDB DEFAULT CHARSET=utf8 COLLATE=utf8_bin;

LOCK TABLES `content_event` WRITE;
/*!40000 ALTER TABLE `content_event` DISABLE KEYS */;

INSERT INTO `content_event` (`id`, `create_date_time`, `update_date_time`, `deleted`, `version`, `content_id`, `event_type`, `user_id`)
VALUES
	(54,'2018-09-17 03:20:20','2018-09-18 08:49:13',0,4,2,1,12),
	(55,'2018-09-17 08:05:08','2018-09-17 08:05:08',0,0,4,2,12),
	(56,'2018-09-17 08:05:11','2018-09-25 09:47:37',0,8,4,1,12),
	(57,'2018-09-17 08:06:19','2018-09-19 11:41:49',0,2,3,1,12),
	(58,'2018-09-17 08:06:21','2018-09-17 08:06:21',0,0,5,1,12),
	(59,'2018-09-17 08:06:22','2018-09-17 08:06:22',0,0,6,1,12),
	(60,'2018-09-17 08:06:23','2018-09-17 08:06:23',0,0,7,1,12),
	(61,'2018-09-17 08:06:26','2018-09-17 08:06:26',0,0,10,1,12),
	(62,'2018-09-17 08:06:27','2018-09-17 08:06:27',0,0,9,1,12),
	(63,'2018-09-17 08:06:28','2018-09-17 08:06:28',0,0,11,1,12),
	(64,'2018-09-17 08:06:30','2018-09-17 08:06:30',0,0,12,1,12),
	(65,'2018-09-17 08:06:31','2018-09-17 08:06:31',0,0,13,1,12),
	(66,'2018-09-17 10:00:47','2018-09-17 10:00:47',0,0,2,1,37),
	(67,'2018-09-17 10:00:47','2018-09-17 10:00:47',0,0,3,1,37),
	(68,'2018-09-17 10:00:58','2018-09-17 10:00:58',0,0,4,1,37),
	(69,'2018-09-17 10:01:00','2018-09-17 10:01:00',0,0,5,1,37),
	(70,'2018-09-17 10:01:02','2018-09-17 10:01:02',0,0,7,1,37),
	(71,'2018-09-17 10:01:02','2018-09-17 10:01:02',0,0,6,1,37),
	(72,'2018-09-17 10:01:03','2018-09-17 10:01:03',0,0,8,1,37),
	(73,'2018-09-17 10:01:03','2018-09-17 10:01:03',0,0,9,1,37),
	(74,'2018-09-17 10:01:04','2018-09-17 10:01:04',0,0,10,1,37),
	(75,'2018-09-17 10:01:10','2018-09-17 10:01:10',0,0,11,1,37),
	(76,'2018-09-17 10:01:38','2018-09-17 10:01:38',0,0,12,1,37),
	(77,'2018-09-17 10:01:39','2018-09-17 10:01:39',0,0,13,1,37),
	(78,'2018-09-17 10:01:44','2018-09-17 10:01:44',0,0,14,1,37),
	(79,'2018-09-17 10:01:48','2018-09-17 10:01:48',0,0,1,1,37),
	(80,'2018-09-18 02:41:16','2018-10-08 07:24:19',0,2,3,2,12),
	(81,'2018-09-18 07:35:08','2018-09-18 07:35:08',0,0,3,2,20),
	(82,'2018-09-18 08:11:54','2018-09-18 09:16:03',0,2,2,1,20),
	(83,'2018-09-18 08:11:57','2018-09-18 09:16:06',0,8,3,1,20),
	(84,'2018-09-18 08:11:58','2018-09-20 16:08:47',0,10,4,1,20),
	(85,'2018-09-18 08:11:59','2018-09-20 16:08:48',0,8,5,1,20),
	(86,'2018-09-18 08:12:02','2018-09-20 16:08:49',0,4,6,1,20),
	(87,'2018-09-18 08:12:02','2018-09-29 12:10:53',1,5,7,1,20),
	(88,'2018-09-18 09:40:48','2018-09-29 12:10:51',1,3,8,1,20),
	(89,'2018-09-18 09:40:49','2018-09-29 12:10:55',1,5,9,1,20),
	(90,'2018-09-18 09:40:50','2018-09-20 16:08:58',0,4,10,1,20),
	(91,'2018-09-18 09:40:52','2018-09-20 16:08:59',0,4,11,1,20),
	(92,'2018-09-18 09:40:54','2018-09-20 16:09:00',0,4,12,1,20),
	(93,'2018-09-18 09:40:54','2018-09-29 12:11:08',1,7,13,1,20),
	(94,'2018-09-18 09:40:55','2018-09-20 16:09:02',0,4,14,1,20),
	(95,'2018-09-18 09:56:08','2018-09-20 16:09:03',0,2,1,1,20),
	(96,'2018-09-19 03:37:04','2018-09-19 03:37:15',0,4,2,1,15),
	(97,'2018-09-19 10:13:29','2018-09-19 10:13:29',0,0,2,1,27),
	(98,'2018-09-19 10:13:31','2018-09-19 10:13:31',0,0,3,1,27),
	(99,'2018-09-19 10:13:32','2018-09-19 10:13:32',0,0,4,1,27),
	(100,'2018-09-20 07:32:59','2018-09-20 07:32:59',0,0,14,2,12),
	(101,'2018-09-20 07:33:01','2018-09-20 07:33:11',0,4,14,1,12),
	(102,'2018-09-25 09:05:01','2018-09-25 09:05:01',0,0,2,2,12),
	(103,'2018-09-27 02:51:00','2018-09-27 02:51:00',0,0,2,1,44),
	(104,'2018-09-27 02:54:42','2018-10-08 07:24:48',0,4,3,1,44),
	(105,'2018-09-27 11:25:00','2018-09-27 11:25:00',0,0,11,2,12),
	(106,'2018-09-27 11:27:13','2018-09-27 11:27:13',0,0,1,1,12),
	(107,'2018-09-29 12:11:23','2018-09-29 12:11:23',0,0,2,2,20),
	(108,'2018-10-15 04:01:21','2018-10-16 11:26:29',1,29,2,2,1),
	(109,'2018-10-15 05:50:37','2018-10-17 03:37:58',1,33,2,1,1),
	(110,'2018-10-15 05:51:02','2018-10-17 03:37:59',0,16,3,1,1),
	(111,'2018-10-15 06:13:54','2018-10-16 07:34:44',1,9,3,2,1),
	(112,'2018-10-15 06:15:08','2018-10-15 07:20:51',1,5,4,2,1),
	(113,'2018-10-15 06:59:55','2018-10-15 07:20:55',1,13,4,1,1),
	(114,'2018-10-16 11:26:15','2018-10-16 11:26:15',0,0,1,1,1),
	(115,'2018-10-16 11:26:17','2018-10-16 11:26:18',0,2,14,1,1),
	(116,'2018-10-16 11:26:21','2018-10-16 11:26:21',1,1,14,2,1),
	(117,'2018-10-16 11:26:22','2018-10-16 11:26:22',0,0,13,2,1),
	(118,'2018-10-17 03:38:13','2018-10-17 03:38:13',0,0,8,1,1);

/*!40000 ALTER TABLE `content_event` ENABLE KEYS */;
UNLOCK TABLES;


# Dump of table content_like_event
# ------------------------------------------------------------

DROP TABLE IF EXISTS `content_like_event`;

CREATE TABLE `content_like_event` (
  `id` bigint(20) NOT NULL AUTO_INCREMENT,
  `create_date_time` datetime NOT NULL,
  `update_date_time` datetime NOT NULL,
  `deleted` tinyint(4) NOT NULL,
  `version` bigint(20) DEFAULT NULL,
  `external_content_id` varchar(50) COLLATE utf8_bin NOT NULL,
  `user_id` bigint(20) NOT NULL,
  `content_id` bigint(20) NOT NULL,
  PRIMARY KEY (`id`)
) ENGINE=InnoDB DEFAULT CHARSET=utf8 COLLATE=utf8_bin;



# Dump of table content_view_event
# ------------------------------------------------------------

DROP TABLE IF EXISTS `content_view_event`;

CREATE TABLE `content_view_event` (
  `id` bigint(20) NOT NULL AUTO_INCREMENT,
  `create_date_time` datetime NOT NULL,
  `update_date_time` datetime NOT NULL,
  `deleted` tinyint(4) NOT NULL,
  `version` bigint(20) DEFAULT NULL,
  `external_content_id` varchar(50) COLLATE utf8_bin NOT NULL,
  `user_id` bigint(20) NOT NULL,
  `content_id` bigint(20) NOT NULL,
  PRIMARY KEY (`id`)
) ENGINE=InnoDB DEFAULT CHARSET=utf8 COLLATE=utf8_bin;



# Dump of table content2
# ------------------------------------------------------------

DROP TABLE IF EXISTS `content2`;

CREATE TABLE `content2` (
  `id` bigint(20) NOT NULL AUTO_INCREMENT,
  `create_date_time` datetime NOT NULL,
  `update_date_time` datetime NOT NULL,
  `deleted` tinyint(4) NOT NULL,
  `version` bigint(20) DEFAULT NULL,
  `external_content_id` varchar(50) COLLATE utf8_bin NOT NULL,
  `user_id` bigint(20) NOT NULL,
  `like` bigint(20) DEFAULT NULL,
  `view` bigint(20) DEFAULT NULL,
  `collection` bigint(20) DEFAULT NULL,
  `profit` decimal(26,8) DEFAULT NULL,
  PRIMARY KEY (`id`)
) ENGINE=InnoDB DEFAULT CHARSET=utf8 COLLATE=utf8_bin;



# Dump of table feedback
# ------------------------------------------------------------

DROP TABLE IF EXISTS `feedback`;

CREATE TABLE `feedback` (
  `id` bigint(20) NOT NULL AUTO_INCREMENT,
  `create_date_time` datetime NOT NULL,
  `update_date_time` datetime NOT NULL,
  `deleted` tinyint(4) NOT NULL,
  `version` bigint(20) DEFAULT NULL,
  `user_id` bigint(20) NOT NULL COMMENT '用户ID',
  `feedback` varchar(500) COLLATE utf8_bin DEFAULT NULL COMMENT '反馈内容',
  PRIMARY KEY (`id`)
) ENGINE=InnoDB DEFAULT CHARSET=utf8 COLLATE=utf8_bin;

LOCK TABLES `feedback` WRITE;
/*!40000 ALTER TABLE `feedback` DISABLE KEYS */;

INSERT INTO `feedback` (`id`, `create_date_time`, `update_date_time`, `deleted`, `version`, `user_id`, `feedback`)
VALUES
	(1,'2018-09-10 06:11:07','2018-09-10 06:11:07',0,0,1,X'737472696E67'),
	(2,'2018-09-10 07:54:51','2018-09-10 07:54:51',0,0,1,X'737472696E67'),
	(3,'2018-09-11 02:26:08','2018-09-11 02:26:08',0,0,1,X'737472696E67'),
	(4,'2018-09-11 07:23:23','2018-09-11 07:23:23',0,0,1,X'737472696E67'),
	(5,'2018-09-11 10:04:13','2018-09-11 10:04:13',0,0,1,X'666565646261636B3DE79B91E68EA7'),
	(6,'2018-09-11 10:06:25','2018-09-11 10:06:25',0,0,1,X'E697A0E4BA8BE78CAEE6AEB7E58BA4E4B880E4B88B'),
	(7,'2018-09-11 10:06:31','2018-09-11 10:06:31',0,0,1,X'E4BB94E4BB94E7BB86E7BB86'),
	(8,'2018-09-11 10:06:52','2018-09-11 10:06:52',0,0,1,X'34E4BABFE4BB94E4BB94E7BB86E7BB86'),
	(9,'2018-09-11 10:07:07','2018-09-11 10:07:07',0,0,1,X'E592AFE593A6E6ACA7E5B0BC'),
	(10,'2018-09-11 10:08:36','2018-09-11 10:08:36',0,0,1,X'4A4AE4BDA0E4B99FE4B880'),
	(11,'2018-09-11 10:13:44','2018-09-11 10:13:44',0,0,1,X'E68190E9BE99E5A6B9'),
	(12,'2018-09-11 10:55:23','2018-09-11 10:55:23',0,0,1,X'646E6A646A736D736D'),
	(13,'2018-09-11 10:55:28','2018-09-11 10:55:28',0,0,1,X'646E6E646E736D736D'),
	(14,'2018-09-11 10:55:35','2018-09-11 10:55:35',0,0,1,X'736A6B736B736B736B73'),
	(15,'2018-09-11 10:56:02','2018-09-11 10:56:02',0,0,1,X'79686A6A6F6A7575'),
	(16,'2018-09-11 10:56:56','2018-09-11 10:56:56',0,0,1,X'74686A676366'),
	(17,'2018-09-11 10:57:07','2018-09-11 10:57:07',0,0,1,X'7575'),
	(18,'2018-09-11 10:58:05','2018-09-11 10:58:05',0,0,1,X'6A6A'),
	(19,'2018-09-11 11:23:46','2018-09-11 11:23:46',0,0,1,X'3231343334E8AEA4E4B8BAE8808CE9A29DE5A496E78EA9E584BF'),
	(20,'2018-09-11 16:07:36','2018-09-11 16:07:36',0,0,1,X'E681ADE5969CE4B880E4B88B'),
	(21,'2018-09-11 16:07:37','2018-09-11 16:07:37',0,0,1,X'E681ADE5969CE4B880E4B88B'),
	(22,'2018-09-11 17:04:57','2018-09-11 17:04:57',0,0,1,X'E58594E5B4BDE5AD90E6ADBBE4BA86'),
	(23,'2018-09-12 06:49:21','2018-09-12 06:49:21',0,0,1,X'E79C8BE79D80'),
	(24,'2018-09-12 07:08:25','2018-09-12 07:08:25',0,0,1,X'E79DA1E592AFE783ADE788B1E68993E7A0B4E88081E5A986E59097E4BF84E7BD97E696AF6C6F7365E5AEA2E6B094E5AEA2E6B094'),
	(25,'2018-09-14 01:44:29','2018-09-14 01:44:29',0,0,14,X'313233'),
	(26,'2018-09-14 02:22:15','2018-09-14 02:22:15',0,0,14,X'313233313233313131323331323331'),
	(27,'2018-09-14 05:51:54','2018-09-14 05:51:54',0,0,20,X'E59388E59388E59388'),
	(28,'2018-09-14 05:52:08','2018-09-14 05:52:08',0,0,20,X'E59388E59388E59388'),
	(29,'2018-09-14 05:52:11','2018-09-14 05:52:11',0,0,20,X'E59388E59388E59388'),
	(30,'2018-09-14 05:52:22','2018-09-14 05:52:22',0,0,20,X'E59388E59388E59388'),
	(31,'2018-09-14 05:53:07','2018-09-14 05:53:07',0,0,20,X'E59388E59388E59388'),
	(32,'2018-09-14 05:53:19','2018-09-14 05:53:19',0,0,20,X'E59388E59388E59388'),
	(33,'2018-09-14 05:53:43','2018-09-14 05:53:43',0,0,20,X'E59388E59388E59388'),
	(34,'2018-09-14 05:54:09','2018-09-14 05:54:09',0,0,20,X'E59388E59388E59388'),
	(35,'2018-09-14 05:54:14','2018-09-14 05:54:14',0,0,20,X'E59388E59388E59388'),
	(36,'2018-09-14 05:54:15','2018-09-14 05:54:15',0,0,20,X'E59388E59388E59388'),
	(37,'2018-09-14 05:55:19','2018-09-14 05:55:19',0,0,20,X'E59388E59388E59388'),
	(38,'2018-09-14 05:55:42','2018-09-14 05:55:42',0,0,20,X'E59388E59388E59388'),
	(39,'2018-09-14 05:56:16','2018-09-14 05:56:16',0,0,20,X'E59388E59388E59388'),
	(40,'2018-09-14 06:05:18','2018-09-14 06:05:18',0,0,20,X'E59388E59388E59388'),
	(41,'2018-09-14 06:05:21','2018-09-14 06:05:21',0,0,20,X'E59388E59388E59388'),
	(42,'2018-09-14 06:05:27','2018-09-14 06:05:27',0,0,20,X'E59388E59388E59388'),
	(43,'2018-09-14 06:06:07','2018-09-14 06:06:07',0,0,20,X'E59388E59388E59388'),
	(44,'2018-09-14 06:06:38','2018-09-14 06:06:38',0,0,20,X'E5B0B1E68095E4BA86'),
	(45,'2018-09-14 06:06:40','2018-09-14 06:06:40',0,0,20,X'E5B0B1E68095E4BA86'),
	(46,'2018-09-14 06:06:43','2018-09-14 06:06:43',0,0,20,X'E5B0B1E68095E4BA86'),
	(47,'2018-09-14 06:06:52','2018-09-14 06:06:52',0,0,20,X'E5B0B1E68095E4BA86'),
	(48,'2018-09-14 06:06:54','2018-09-14 06:06:54',0,0,20,X'E5B0B1E68095E4BA86'),
	(49,'2018-09-14 06:06:55','2018-09-14 06:06:55',0,0,20,X'E5B0B1E68095E4BA86'),
	(50,'2018-09-14 06:07:58','2018-09-14 06:07:58',0,0,20,X'E59388E59388E59388'),
	(51,'2018-09-14 06:08:00','2018-09-14 06:08:00',0,0,20,X'E59388E59388E59388'),
	(52,'2018-09-14 06:08:01','2018-09-14 06:08:01',0,0,20,X'E59388E59388E59388'),
	(53,'2018-09-14 06:08:23','2018-09-14 06:08:23',0,0,20,X'E59388E59388E59388'),
	(54,'2018-09-14 06:08:38','2018-09-14 06:08:38',0,0,20,X'E59388E59388E59388'),
	(55,'2018-09-14 06:08:40','2018-09-14 06:08:40',0,0,20,X'E59388E59388E59388'),
	(56,'2018-09-14 06:08:54','2018-09-14 06:08:54',0,0,20,X'E59388E59388E59388'),
	(57,'2018-09-14 06:09:20','2018-09-14 06:09:20',0,0,20,X'E59388E59388E59388'),
	(58,'2018-09-14 06:10:11','2018-09-14 06:10:11',0,0,20,X'E59388E59388E59388'),
	(59,'2018-09-14 06:14:10','2018-09-14 06:14:10',0,0,20,X'E59388E59388E59388'),
	(60,'2018-09-14 06:14:11','2018-09-14 06:14:11',0,0,20,X'E59388E59388E59388'),
	(61,'2018-09-14 06:35:13','2018-09-14 06:35:13',0,0,6,X'E592AFE593A6E4BDA0E4B8AAE7A798E5AF86E997BDE9BE99E4BDA0E5A986E5A986E7BB99E4BDA0E598BBE598BBE598BBE598BB'),
	(62,'2018-09-14 07:06:55','2018-09-14 07:06:55',0,0,20,X'E5A5BDE6B094'),
	(63,'2018-09-14 09:16:56','2018-09-14 09:16:56',0,0,14,X'557575'),
	(64,'2018-09-14 09:16:59','2018-09-14 09:16:59',0,0,14,X'557575'),
	(65,'2018-09-14 09:16:59','2018-09-14 09:16:59',0,0,14,X'557575'),
	(66,'2018-09-14 09:17:00','2018-09-14 09:17:00',0,0,14,X'557575'),
	(67,'2018-09-14 09:17:02','2018-09-14 09:17:02',0,0,14,X'557575'),
	(68,'2018-09-14 10:19:35','2018-09-14 10:19:35',0,0,20,X'E585B1E591BDE8BF90'),
	(69,'2018-09-20 06:06:38','2018-09-20 06:06:38',0,0,20,X'E9AD94E5A5B3E59090E4BA86E597AFE79C8BE8A781E4BA86'),
	(70,'2018-09-25 03:24:14','2018-09-25 03:24:14',0,0,12,X'6C6C6C6C6C');

/*!40000 ALTER TABLE `feedback` ENABLE KEYS */;
UNLOCK TABLES;


# Dump of table follow_content_feed
# ------------------------------------------------------------

DROP TABLE IF EXISTS `follow_content_feed`;

CREATE TABLE `follow_content_feed` (
  `id` bigint(20) NOT NULL AUTO_INCREMENT,
  `create_date_time` datetime NOT NULL,
  `update_date_time` datetime NOT NULL,
  `deleted` tinyint(4) NOT NULL,
  `version` bigint(20) DEFAULT NULL,
  `external_content_id` varchar(50) COLLATE utf8_bin NOT NULL,
  `user_id` bigint(20) NOT NULL,
  `follow_user_id` bigint(20) NOT NULL,
  PRIMARY KEY (`id`)
) ENGINE=InnoDB DEFAULT CHARSET=utf8 COLLATE=utf8_bin;



# Dump of table permission
# ------------------------------------------------------------

DROP TABLE IF EXISTS `permission`;

CREATE TABLE `permission` (
  `id` bigint(20) NOT NULL AUTO_INCREMENT,
  `create_date_time` datetime NOT NULL,
  `deleted` tinyint(4) NOT NULL,
  `update_date_time` datetime NOT NULL,
  `update_by` bigint(20) DEFAULT NULL,
  `version` bigint(20) DEFAULT NULL,
  `code` varchar(255) COLLATE utf8_bin DEFAULT NULL,
  `description` varchar(255) COLLATE utf8_bin DEFAULT NULL,
  `name` varchar(100) COLLATE utf8_bin DEFAULT NULL,
  `parent_code` varchar(255) COLLATE utf8_bin DEFAULT NULL,
  `permission_type` int(11) DEFAULT NULL,
  `sort_num` int(11) DEFAULT NULL,
  `icon` varchar(100) COLLATE utf8_bin DEFAULT NULL,
  `url` varchar(100) COLLATE utf8_bin DEFAULT NULL,
  PRIMARY KEY (`id`)
) ENGINE=InnoDB DEFAULT CHARSET=utf8 COLLATE=utf8_bin COMMENT='系统权限表';



# Dump of table role
# ------------------------------------------------------------

DROP TABLE IF EXISTS `role`;

CREATE TABLE `role` (
  `id` bigint(20) NOT NULL AUTO_INCREMENT,
  `create_date_time` datetime NOT NULL,
  `update_date_time` datetime NOT NULL,
  `deleted` tinyint(4) NOT NULL,
  `version` bigint(20) DEFAULT NULL,
  `code` varchar(50) COLLATE utf8_bin DEFAULT NULL COMMENT '编码',
  `name` varchar(255) COLLATE utf8_bin DEFAULT NULL COMMENT '名称',
  `description` varchar(255) CHARACTER SET utf8mb4 COLLATE utf8mb4_bin DEFAULT NULL COMMENT '描述',
  PRIMARY KEY (`id`)
) ENGINE=InnoDB DEFAULT CHARSET=utf8 COLLATE=utf8_bin;

LOCK TABLES `role` WRITE;
/*!40000 ALTER TABLE `role` DISABLE KEYS */;

INSERT INTO `role` (`id`, `create_date_time`, `update_date_time`, `deleted`, `version`, `code`, `name`, `description`)
VALUES
	(1,'2018-08-01 00:00:00','2018-08-01 00:00:00',0,1,X'7265676973746572656455736572',X'7265676973746572656455736572',X'E6B3A8E5868CE794A8E688B7'),
	(2,'2018-08-01 00:00:00','2018-08-01 00:00:00',0,1,X'686172647761726555736572',X'686172647761726555736572',X'E7A1ACE4BBB6E799BBE5BD95E794A8E688B7');

/*!40000 ALTER TABLE `role` ENABLE KEYS */;
UNLOCK TABLES;


# Dump of table role_permission_relation
# ------------------------------------------------------------

DROP TABLE IF EXISTS `role_permission_relation`;

CREATE TABLE `role_permission_relation` (
  `id` bigint(20) NOT NULL AUTO_INCREMENT,
  `create_date_time` datetime NOT NULL,
  `deleted` tinyint(4) NOT NULL,
  `update_date_time` datetime NOT NULL,
  `update_by` bigint(20) DEFAULT NULL,
  `version` bigint(20) DEFAULT NULL,
  `permission_id` bigint(20) DEFAULT NULL,
  `role_id` bigint(20) DEFAULT NULL,
  PRIMARY KEY (`id`)
) ENGINE=InnoDB DEFAULT CHARSET=utf8 COLLATE=utf8_bin;



# Dump of table role2
# ------------------------------------------------------------

DROP TABLE IF EXISTS `role2`;

CREATE TABLE `role2` (
  `id` bigint(20) NOT NULL AUTO_INCREMENT,
  `create_date_time` datetime NOT NULL,
  `update_date_time` datetime NOT NULL,
  `deleted` tinyint(4) NOT NULL,
  `version` bigint(20) DEFAULT NULL,
  `role_type` varchar(50) COLLATE utf8_bin DEFAULT NULL COMMENT '编码',
  `name` varchar(255) COLLATE utf8_bin DEFAULT NULL COMMENT '名称',
  `description` varchar(255) CHARACTER SET utf8mb4 COLLATE utf8mb4_bin DEFAULT NULL COMMENT '描述',
  PRIMARY KEY (`id`)
) ENGINE=InnoDB DEFAULT CHARSET=utf8 COLLATE=utf8_bin;

LOCK TABLES `role2` WRITE;
/*!40000 ALTER TABLE `role2` DISABLE KEYS */;

INSERT INTO `role2` (`id`, `create_date_time`, `update_date_time`, `deleted`, `version`, `role_type`, `name`, `description`)
VALUES
	(1,'2018-08-01 00:00:00','2018-08-01 00:00:00',0,1,X'524547495354455245445F55534552',X'7265676973746572656455736572',X'E6B3A8E5868CE794A8E688B7'),
	(2,'2018-08-01 00:00:00','2018-08-01 00:00:00',0,1,X'48415244574152455F55534552',X'686172647761726555736572',X'E7A1ACE4BBB6E799BBE5BD95E794A8E688B7');

/*!40000 ALTER TABLE `role2` ENABLE KEYS */;
UNLOCK TABLES;


# Dump of table user
# ------------------------------------------------------------

DROP TABLE IF EXISTS `user`;

CREATE TABLE `user` (
  `id` bigint(20) NOT NULL AUTO_INCREMENT,
  `create_date_time` datetime NOT NULL,
  `update_date_time` datetime NOT NULL,
  `deleted` tinyint(4) NOT NULL,
  `version` bigint(20) DEFAULT NULL,
  `phone_number` varchar(50) COLLATE utf8_bin DEFAULT NULL COMMENT '手机号',
  `password` varchar(255) COLLATE utf8_bin DEFAULT NULL COMMENT '密码',
  `nick_name` varchar(255) CHARACTER SET utf8mb4 COLLATE utf8mb4_bin DEFAULT NULL COMMENT '昵称',
  `avatar` varchar(200) COLLATE utf8_bin DEFAULT NULL COMMENT '头像',
  `os_type` varchar(20) COLLATE utf8_bin DEFAULT NULL COMMENT '设备系统 根据设备创建的临时用户才有的',
  `device_id` varchar(255) COLLATE utf8_bin DEFAULT NULL COMMENT '设备ID 根据设备创建的临时用户才有的',
  `invite_code` varchar(50) COLLATE utf8_bin DEFAULT NULL COMMENT '邀请码（自己）',
  `parent_invite_code` varchar(50) COLLATE utf8_bin DEFAULT NULL COMMENT '邀请自己的邀请码',
  `role_id` bigint(20) DEFAULT NULL COMMENT '角色ID',
  `fans` bigint(20) DEFAULT '0',
  `followers` bigint(20) DEFAULT '0',
  PRIMARY KEY (`id`),
  UNIQUE KEY `index_invite_code` (`invite_code`) USING BTREE
) ENGINE=InnoDB DEFAULT CHARSET=utf8 COLLATE=utf8_bin;

LOCK TABLES `user` WRITE;
/*!40000 ALTER TABLE `user` DISABLE KEYS */;

INSERT INTO `user` (`id`, `create_date_time`, `update_date_time`, `deleted`, `version`, `phone_number`, `password`, `nick_name`, `avatar`, `os_type`, `device_id`, `invite_code`, `parent_invite_code`, `role_id`, `fans`, `followers`)
VALUES
	(1,'2018-08-08 00:00:00','2018-09-21 14:32:02',0,12,X'313233343536',X'3463333937666231323733306238643664306437633539373234366632636561',X'E4BB8AE6999AE68993E88081E8998E',X'68747470733A2F2F6F67336A726F396C682E716E73736C2E636F6D2F77616C6C65745F696D6167655F315F313533363832323736303232312E6A7067',X'494F53',X'31313131',X'3131313131',X'31313131313131',1,0,0),
	(2,'2018-09-11 15:43:27','2018-09-13 03:00:51',0,3,X'3135303031393031393336',X'6165316132646564313265386234376637323865376435663363663033396237',X'393031393336',NULL,NULL,NULL,X'4B47344E344A',NULL,1,0,0),
	(4,'2018-09-12 11:09:04','2018-09-12 11:09:04',0,0,NULL,NULL,X'494F53333131323237363938303735343537353336',NULL,X'494F53',X'31354335333641302D334343452D344241332D413830442D393737424632464345424331',X'545657574558',NULL,2,0,0),
	(6,'2018-09-12 05:51:19','2018-09-17 09:53:34',0,12,X'3138353733313536373237',X'6564336236393930323337316239623139663466613764326432656635666539',X'6E6574E8A1A5E8A1A5',X'68747470733A2F2F6F67336A726F396C682E716E73736C2E636F6D2F77616C6C65745F696D6167655F365F313533363931313230383437322E6A7067',NULL,NULL,X'4D4654455239',X'383335333834',1,0,0),
	(9,'2018-09-12 08:15:46','2018-09-12 08:15:46',0,0,NULL,NULL,X'494F53353337383737',NULL,X'494F53',X'38313239314436432D394142302D343437412D384541412D353438453441444444443433',X'4B4545544E41',NULL,2,0,0),
	(10,'2018-09-12 08:18:40','2018-09-12 08:18:40',0,0,NULL,NULL,X'494F53333736383232',NULL,X'494F53',X'30334638324130412D393442422D344232462D394141342D343041313035314143373945',X'4D5442425045',NULL,2,0,0),
	(11,'2018-09-12 08:20:08','2018-09-12 08:20:08',0,0,NULL,NULL,X'494F53363432373336',NULL,X'494F53',X'41414443443334382D383642372D343046312D384533302D424443353830424239413937',X'584D52484C38',NULL,2,0,0),
	(12,'2018-09-12 08:44:36','2018-09-26 03:40:58',0,8,X'3137363032313239343332',X'3433353033643537613333613539653036316262353163663635353439353364',X'7131313131',X'68747470733A2F2F6F67336A726F396C682E716E73736C2E636F6D2F77616C6C65745F696D6167655F31325F313533373933333235373736312E6A7067',NULL,NULL,X'5146444D4444',X'323735383432',1,0,0),
	(13,'2018-09-12 11:03:37','2018-09-12 11:03:37',0,0,NULL,NULL,X'494F53333733373835',NULL,X'494F53',X'34313346454638412D394536422D344630422D393230422D463136433244443931364635',X'4A353746554D',NULL,2,0,0),
	(14,'2018-09-12 11:16:33','2018-09-14 03:04:16',0,5,X'3135363138313530363135',X'3065353864613933656134343066626333303638363130626237313837383632',X'4D5650',X'68747470733A2F2F6F67336A726F396C682E716E73736C2E636F6D2F77616C6C65745F696D6167655F31345F313533363839343235353936312E6A706567',NULL,NULL,X'534D42414D51',NULL,1,0,0),
	(15,'2018-09-12 11:45:21','2018-09-12 11:45:21',0,0,NULL,NULL,X'494F53333433343435',NULL,X'494F53',X'613530356263356566303332356365',X'584C55384A55',NULL,2,0,0),
	(16,'2018-09-12 13:05:38','2018-09-12 13:05:38',0,0,NULL,NULL,X'494F53333337353438',NULL,X'494F53',X'34663366356536636531303137343436',X'344E52334451',NULL,2,0,0),
	(19,'2018-09-12 13:21:55','2018-09-12 13:21:55',0,0,NULL,NULL,X'494F53373737383735',NULL,X'494F53',X'36393161336239313134643466356462',X'56454D543950',NULL,2,0,0),
	(20,'2018-09-12 15:41:09','2018-09-21 02:46:14',0,21,X'3138363734333535303431',X'3361623537633762643964303166353865306265306637383265303335633332',X'E59388E596BDE596BD',X'68747470733A2F2F6F67336A726F396C682E716E73736C2E636F6D2F77616C6C65745F696D6167655F32305F313533373439373937333631382E6A7067',NULL,NULL,X'42564E454547',X'353733353735',1,0,0),
	(21,'2018-09-13 03:00:48','2018-09-21 14:32:02',0,2,NULL,NULL,X'494F53363835373238',NULL,X'494F53',X'333537393432303630323132303138',X'4D41434A324A',NULL,2,0,0),
	(23,'2018-09-13 03:03:42','2018-09-13 03:03:42',0,0,NULL,NULL,X'494F53373632373532',NULL,X'494F53',X'383630373436303437333035343530',X'534353413951',NULL,2,0,0),
	(24,'2018-09-13 03:49:05','2018-09-13 03:49:05',0,0,NULL,NULL,X'494F53343438343837',NULL,X'494F53',X'33344441323944362D424332432D344633322D384646352D414339433246413544433042',X'355937574139',NULL,2,0,0),
	(25,'2018-09-13 05:48:16','2018-09-14 09:02:56',0,3,NULL,NULL,X'E9AA91E78CAAE58EBBE4B88AE5ADA6',X'68747470733A2F2F6F67336A726F396C682E716E73736C2E636F6D2F77616C6C65745F696D6167655F32355F313533363931353737353933352E6A706567',NULL,NULL,NULL,NULL,1,0,0),
	(26,'2018-09-13 05:57:42','2018-09-13 05:57:42',0,0,NULL,NULL,X'494F53363232333633',NULL,X'494F53',X'38333539616634313565656262623634',X'513934384E54',NULL,2,0,0),
	(27,'2018-09-13 07:34:25','2018-09-13 07:34:25',0,0,X'3135303030363836303934',X'3462393938656665373437643137656465383230333836313561666362353339',X'363836303934',NULL,NULL,NULL,X'39324E594642',NULL,1,0,0),
	(28,'2018-09-13 07:52:03','2018-09-13 07:52:03',0,0,NULL,NULL,X'494F53323636323833',NULL,X'494F53',X'33414146434239312D413742342D343335452D383536392D394331373333374245353945',X'554436333248',NULL,2,0,0),
	(29,'2018-09-14 03:15:30','2018-09-17 07:41:19',0,12,X'3138353136303238313536',X'3039376464656530623334613562363763643438396438396366353434366537',X'E5BC80E6B395E68B89E588A9E79A84E78CAA',X'68747470733A2F2F6F67336A726F396C682E716E73736C2E636F6D2F77616C6C65745F696D6167655F32395F313533363930383233383331352E6A706567',NULL,NULL,X'574757415058',NULL,1,0,0),
	(30,'2018-09-14 03:25:53','2018-09-14 03:25:53',0,0,NULL,NULL,X'494F53323438383238',NULL,X'494F53',X'39304646434542302D363530362D343430412D423137362D363344454243424537373930',X'54564B385157',NULL,2,0,0),
	(31,'2018-09-14 04:08:22','2018-09-14 04:08:22',0,0,NULL,NULL,X'494F53363835363738',NULL,X'494F53',X'61653534366466313439326462376365',X'535043355736',NULL,2,0,0),
	(32,'2018-09-14 06:16:14','2018-09-14 06:16:14',0,0,NULL,NULL,X'494F53373536383536',NULL,X'494F53',X'35373046464338452D373330342D344646332D383834312D363943324445354536353043',X'4D3958393632',NULL,2,0,0),
	(33,'2018-09-14 08:20:41','2018-09-14 08:20:41',0,0,X'3133353835383936353539',X'3632666638623838343839323665613038346130666137363334633333383732',X'383936353539',NULL,NULL,NULL,X'4247384C374D',X'353335333734',1,0,0),
	(34,'2018-09-14 08:55:54','2018-09-14 09:18:25',0,1,X'3135373537313039303734',X'3463333937666231323733306238643664306437633539373234366632636561',X'313039303734',X'68747470733A2F2F6F67336A726F396C682E716E73736C2E636F6D2F77616C6C65745F696D6167655F33345F313533363931363730353335312E6A7067',NULL,NULL,X'324536474D46',X'373534363238',1,0,0),
	(35,'2018-09-14 11:09:39','2018-09-14 11:15:16',0,1,NULL,NULL,X'E69DA5E69DA5E69DA5',NULL,NULL,NULL,NULL,NULL,1,0,0),
	(36,'2018-09-17 04:03:39','2018-09-17 04:04:02',0,1,NULL,NULL,X'46627473696E67',NULL,NULL,NULL,NULL,NULL,1,0,0),
	(37,'2018-09-17 10:00:25','2018-09-19 16:58:10',0,2,X'3135313136343736323233',X'3330343061346136376561346237386261633433343263393931383161303738',X'343736323233',NULL,NULL,NULL,X'584650484655',X'363236323434',1,0,0),
	(38,'2018-09-18 02:07:47','2018-09-18 02:07:47',0,0,NULL,NULL,X'494F53343234373336',NULL,X'494F53',X'36333031396334613438386535383964',X'414447564352',NULL,2,0,0),
	(39,'2018-09-18 08:28:23','2018-09-18 08:28:23',0,0,NULL,NULL,X'494F53373634363438',NULL,X'494F53',X'62373431623766633433643265336665',X'383543504455',NULL,2,0,0),
	(40,'2018-09-20 18:20:16','2018-09-20 18:20:16',0,0,NULL,NULL,X'',X'',X'494F53',X'323234323334323334323334',NULL,NULL,2,0,0),
	(41,'2018-09-21 02:11:53','2018-09-21 02:11:53',0,0,NULL,NULL,X'494F53323836353237',NULL,X'494F53',X'31633336306435643238383931623438',X'475539434D53',NULL,2,0,0),
	(42,'2018-09-21 03:46:44','2018-09-21 03:46:44',0,0,NULL,NULL,X'494F53363732323537',NULL,X'494F53',X'383637353137303339343037313232',X'59524534574C',NULL,2,0,0),
	(43,'2018-09-25 08:34:26','2018-09-25 08:34:26',0,0,NULL,NULL,X'494F53373833383437',NULL,X'494F53',X'33336464653865343533616233643663',X'4C4256564A34',NULL,2,0,0),
	(44,'2018-09-25 09:30:21','2018-09-25 09:30:21',0,0,NULL,NULL,X'494F53383338363634',NULL,X'494F53',X'633164653262326364643765646461',X'4E554D4A5832',NULL,2,0,0),
	(45,'2018-09-27 09:04:46','2018-09-27 09:04:46',0,0,NULL,NULL,X'494F53343636353836',NULL,X'494F53',X'65623865616137633662393535363966',X'344A43454646',NULL,2,0,0),
	(46,'2018-09-27 09:30:46','2018-09-27 09:30:46',0,0,NULL,NULL,X'494F53343338363636',NULL,X'494F53',X'62353234323639636263666136643361',X'343855365447',NULL,2,0,0),
	(47,'2018-09-30 06:41:38','2018-09-30 06:41:38',0,0,NULL,NULL,X'494F53323233343838',NULL,X'494F53',X'36323231363462653763393639653363',X'3258454B3553',NULL,2,0,0),
	(48,'2018-10-09 05:47:20','2018-10-09 05:47:20',0,0,NULL,NULL,X'494F53373434333532',NULL,X'494F53',X'65326265333237356133303265663562',X'373956353543',NULL,2,0,0),
	(49,'2018-10-10 08:40:28','2018-10-10 08:40:28',0,0,X'3138393731333335323435',X'3836343730323964643234363230396564396432356439626563333433363839',X'333335323435',NULL,NULL,NULL,X'464651554A4B',X'333437363432',1,0,0),
	(50,'2018-10-12 09:26:57','2018-10-12 09:26:57',0,0,NULL,NULL,X'494F53343635323334',NULL,X'494F53',X'65363865353539626131343863343830',X'4B445054524B',NULL,2,0,0),
	(51,'2018-10-16 09:26:04','2018-10-16 09:26:04',0,0,NULL,NULL,X'494F53323536383738',NULL,X'494F53',X'37306536346137373136363165376232',X'58514135354E',NULL,2,0,0);

/*!40000 ALTER TABLE `user` ENABLE KEYS */;
UNLOCK TABLES;


# Dump of table user_channel
# ------------------------------------------------------------

DROP TABLE IF EXISTS `user_channel`;

CREATE TABLE `user_channel` (
  `id` bigint(20) NOT NULL AUTO_INCREMENT,
  `create_date_time` datetime NOT NULL,
  `update_date_time` datetime NOT NULL,
  `deleted` tinyint(4) NOT NULL,
  `version` bigint(20) DEFAULT NULL,
  `user_id` bigint(20) DEFAULT NULL COMMENT '用户ID',
  `channel_id` varchar(50) COLLATE utf8_bin DEFAULT NULL COMMENT '频道ID',
  `sort` int(4) DEFAULT NULL COMMENT '用户频道排序',
  PRIMARY KEY (`id`)
) ENGINE=InnoDB DEFAULT CHARSET=utf8 COLLATE=utf8_bin;

LOCK TABLES `user_channel` WRITE;
/*!40000 ALTER TABLE `user_channel` DISABLE KEYS */;

INSERT INTO `user_channel` (`id`, `create_date_time`, `update_date_time`, `deleted`, `version`, `user_id`, `channel_id`, `sort`)
VALUES
	(2,'2018-09-10 02:53:00','2018-10-16 09:07:51',0,26,1,X'32',1),
	(3,'2018-09-10 02:53:00','2018-10-16 09:07:51',0,26,1,X'33',0),
	(4,'2018-09-10 02:53:00','2018-10-16 02:20:59',1,5,1,X'34',7),
	(5,'2018-09-10 02:53:00','2018-10-16 06:17:11',1,9,1,X'36',13),
	(6,'2018-09-10 02:53:00','2018-10-16 06:17:11',1,4,1,X'37',14),
	(7,'2018-09-10 02:53:00','2018-10-16 06:17:11',1,7,1,X'38',15),
	(8,'2018-09-10 02:53:00','2018-10-16 06:17:11',1,9,1,X'39',4),
	(9,'2018-09-10 02:53:00','2018-10-16 06:17:11',1,5,1,X'3134',7),
	(10,'2018-09-10 02:53:00','2018-10-16 06:17:11',1,7,1,X'3135',10),
	(11,'2018-09-10 02:53:00','2018-10-16 06:17:11',1,7,1,X'3137',12),
	(12,'2018-09-10 02:53:00','2018-10-16 02:20:59',1,7,1,X'3231',16),
	(13,'2018-09-10 02:53:00','2018-09-14 10:47:13',1,3,1,X'3232',3),
	(14,'2018-09-12 05:51:20','2018-09-12 05:51:20',0,0,6,X'32',NULL),
	(15,'2018-09-12 05:51:20','2018-09-12 05:51:20',0,0,6,X'33',NULL),
	(16,'2018-09-12 05:51:20','2018-09-12 05:51:20',0,0,6,X'34',NULL),
	(17,'2018-09-12 05:51:20','2018-09-12 05:51:20',0,0,6,X'36',NULL),
	(18,'2018-09-12 05:51:20','2018-09-12 05:51:20',0,0,6,X'37',NULL),
	(19,'2018-09-12 05:51:20','2018-09-12 05:51:20',0,0,6,X'38',NULL),
	(20,'2018-09-12 05:51:20','2018-09-12 05:51:20',0,0,6,X'39',NULL),
	(21,'2018-09-12 05:51:20','2018-09-12 05:51:20',0,0,6,X'3134',NULL),
	(22,'2018-09-12 05:51:20','2018-09-12 05:51:20',0,0,6,X'3135',NULL),
	(23,'2018-09-12 05:51:20','2018-09-12 05:51:20',0,0,6,X'3137',NULL),
	(24,'2018-09-12 05:51:20','2018-09-12 05:51:20',0,0,6,X'3231',NULL),
	(25,'2018-09-12 05:51:20','2018-09-12 05:51:20',0,0,6,X'3232',NULL),
	(26,'2018-09-12 08:44:37','2018-09-25 08:36:02',0,344,12,X'32',0),
	(27,'2018-09-12 08:44:37','2018-09-25 08:36:02',0,214,12,X'33',1),
	(28,'2018-09-12 08:44:37','2018-09-19 11:44:47',1,104,12,X'34',12),
	(29,'2018-09-12 08:44:37','2018-09-25 08:36:02',0,237,12,X'36',10),
	(30,'2018-09-12 08:44:37','2018-09-25 08:36:02',0,231,12,X'37',23),
	(31,'2018-09-12 08:44:37','2018-09-19 11:44:47',1,201,12,X'38',15),
	(32,'2018-09-12 08:44:37','2018-09-25 08:36:02',0,103,12,X'39',22),
	(33,'2018-09-12 08:44:37','2018-09-25 08:36:02',0,85,12,X'3134',24),
	(34,'2018-09-12 08:44:37','2018-09-25 08:36:02',0,68,12,X'3135',6),
	(35,'2018-09-12 08:44:37','2018-09-25 08:36:02',0,113,12,X'3137',18),
	(36,'2018-09-12 08:44:37','2018-09-25 08:36:02',0,100,12,X'3231',4),
	(37,'2018-09-12 08:44:37','2018-09-25 08:36:02',0,69,12,X'3232',19),
	(38,'2018-09-12 11:33:05','2018-09-14 09:29:20',0,105,14,X'32',0),
	(39,'2018-09-12 11:33:05','2018-09-14 09:29:20',0,105,14,X'33',1),
	(40,'2018-09-12 11:33:05','2018-09-14 09:29:20',0,106,14,X'34',8),
	(41,'2018-09-12 11:33:05','2018-09-14 09:29:20',0,105,14,X'36',5),
	(42,'2018-09-12 11:33:05','2018-09-14 09:29:20',0,105,14,X'37',7),
	(43,'2018-09-12 11:33:05','2018-09-14 09:10:47',1,97,14,X'38',11),
	(44,'2018-09-12 11:33:05','2018-09-14 09:29:20',0,100,14,X'39',4),
	(45,'2018-09-12 11:33:05','2018-09-14 09:29:20',0,86,14,X'3134',2),
	(46,'2018-09-12 11:33:05','2018-09-14 09:29:20',0,87,14,X'3135',10),
	(47,'2018-09-12 11:33:05','2018-09-14 09:10:45',1,75,14,X'3137',11),
	(48,'2018-09-12 11:33:05','2018-09-14 09:29:20',0,82,14,X'3231',9),
	(49,'2018-09-12 11:33:05','2018-09-14 09:10:48',1,76,14,X'3232',10),
	(50,'2018-09-12 13:26:52','2018-09-12 13:26:52',0,0,19,X'32',NULL),
	(51,'2018-09-12 13:26:52','2018-09-12 13:26:52',0,0,19,X'33',NULL),
	(52,'2018-09-12 13:26:52','2018-09-12 13:26:52',0,0,19,X'34',NULL),
	(53,'2018-09-12 13:26:52','2018-09-12 13:26:52',0,0,19,X'36',NULL),
	(54,'2018-09-12 13:26:52','2018-09-12 13:26:52',0,0,19,X'37',NULL),
	(55,'2018-09-12 13:26:52','2018-09-12 13:26:52',0,0,19,X'38',NULL),
	(56,'2018-09-12 13:26:52','2018-09-12 13:26:52',0,0,19,X'39',NULL),
	(57,'2018-09-12 13:26:52','2018-09-12 13:26:52',0,0,19,X'3134',NULL),
	(58,'2018-09-12 13:26:52','2018-09-12 13:26:52',0,0,19,X'3135',NULL),
	(59,'2018-09-12 13:26:52','2018-09-12 13:26:52',0,0,19,X'3137',NULL),
	(60,'2018-09-12 13:26:52','2018-09-12 13:26:52',0,0,19,X'3231',NULL),
	(61,'2018-09-12 13:26:52','2018-09-12 13:26:52',0,0,19,X'3232',NULL),
	(62,'2018-09-12 15:41:09','2018-09-21 09:13:15',0,41,20,X'32',0),
	(63,'2018-09-12 15:41:09','2018-09-21 09:13:15',0,41,20,X'33',1),
	(64,'2018-09-12 15:41:09','2018-09-21 09:12:30',1,13,20,X'34',3),
	(65,'2018-09-12 15:41:09','2018-09-21 06:50:19',1,10,20,X'36',15),
	(66,'2018-09-12 15:41:09','2018-09-21 06:49:29',1,9,20,X'37',13),
	(67,'2018-09-12 15:41:09','2018-09-21 06:50:19',1,14,20,X'38',4),
	(68,'2018-09-12 15:41:09','2018-09-21 06:50:19',1,16,20,X'39',10),
	(69,'2018-09-12 15:41:09','2018-09-21 09:13:15',0,15,20,X'3134',5),
	(70,'2018-09-12 15:41:09','2018-09-21 09:11:56',1,18,20,X'3135',4),
	(71,'2018-09-12 15:41:09','2018-09-21 06:49:29',1,15,20,X'3137',18),
	(72,'2018-09-12 15:41:09','2018-09-21 09:13:15',0,14,20,X'3231',7),
	(73,'2018-09-12 15:41:09','2018-09-21 09:13:15',0,14,20,X'3232',8),
	(74,'2018-09-13 01:49:20','2018-09-13 01:49:20',0,0,11,X'32',NULL),
	(75,'2018-09-13 01:49:20','2018-09-13 01:49:20',0,0,11,X'33',NULL),
	(76,'2018-09-13 01:49:20','2018-09-13 01:49:20',0,0,11,X'34',NULL),
	(77,'2018-09-13 01:49:20','2018-09-13 01:49:20',0,0,11,X'36',NULL),
	(78,'2018-09-13 01:49:20','2018-09-13 01:49:20',0,0,11,X'37',NULL),
	(79,'2018-09-13 01:49:20','2018-09-13 01:49:20',0,0,11,X'38',NULL),
	(80,'2018-09-13 01:49:20','2018-09-13 01:49:20',0,0,11,X'39',NULL),
	(81,'2018-09-13 01:49:20','2018-09-13 01:49:20',0,0,11,X'3134',NULL),
	(82,'2018-09-13 01:49:20','2018-09-13 01:49:20',0,0,11,X'3135',NULL),
	(83,'2018-09-13 01:49:20','2018-09-13 01:49:20',0,0,11,X'3137',NULL),
	(84,'2018-09-13 01:49:20','2018-09-13 01:49:20',0,0,11,X'3231',NULL),
	(85,'2018-09-13 01:49:20','2018-09-13 01:49:20',0,0,11,X'3232',NULL),
	(98,'2018-09-13 02:12:32','2018-09-13 02:12:32',0,0,13,X'32',NULL),
	(99,'2018-09-13 02:12:32','2018-09-13 02:12:32',0,0,13,X'33',NULL),
	(100,'2018-09-13 02:12:32','2018-09-13 02:12:32',0,0,13,X'34',NULL),
	(101,'2018-09-13 02:12:32','2018-09-13 02:12:32',0,0,13,X'36',NULL),
	(102,'2018-09-13 02:12:32','2018-09-13 02:12:32',0,0,13,X'37',NULL),
	(103,'2018-09-13 02:12:32','2018-09-13 02:12:32',0,0,13,X'38',NULL),
	(104,'2018-09-13 02:12:32','2018-09-13 02:12:32',0,0,13,X'39',NULL),
	(105,'2018-09-13 02:12:32','2018-09-13 02:12:32',0,0,13,X'3134',NULL),
	(106,'2018-09-13 02:12:32','2018-09-13 02:12:32',0,0,13,X'3135',NULL),
	(107,'2018-09-13 02:12:32','2018-09-13 02:12:32',0,0,13,X'3137',NULL),
	(108,'2018-09-13 02:12:32','2018-09-13 02:12:32',0,0,13,X'3231',NULL),
	(109,'2018-09-13 02:12:32','2018-09-13 02:12:32',0,0,13,X'3232',NULL),
	(110,'2018-09-13 03:02:46','2018-09-13 03:02:46',0,0,22,X'32',NULL),
	(111,'2018-09-13 03:02:46','2018-09-13 03:02:46',0,0,22,X'33',NULL),
	(112,'2018-09-13 03:02:46','2018-09-13 03:02:46',0,0,22,X'34',NULL),
	(113,'2018-09-13 03:02:46','2018-09-13 03:02:46',0,0,22,X'36',NULL),
	(114,'2018-09-13 03:02:46','2018-09-13 03:02:46',0,0,22,X'37',NULL),
	(115,'2018-09-13 03:02:46','2018-09-13 03:02:46',0,0,22,X'38',NULL),
	(116,'2018-09-13 03:02:46','2018-09-13 03:02:46',0,0,22,X'39',NULL),
	(117,'2018-09-13 03:02:46','2018-09-13 03:02:46',0,0,22,X'3134',NULL),
	(118,'2018-09-13 03:02:46','2018-09-13 03:02:46',0,0,22,X'3135',NULL),
	(119,'2018-09-13 03:02:46','2018-09-13 03:02:46',0,0,22,X'3137',NULL),
	(120,'2018-09-13 03:02:46','2018-09-13 03:02:46',0,0,22,X'3231',NULL),
	(121,'2018-09-13 03:02:47','2018-09-13 03:02:47',0,0,22,X'3232',NULL),
	(122,'2018-09-13 03:22:01','2018-09-13 03:22:01',0,0,23,X'32',NULL),
	(123,'2018-09-13 03:22:01','2018-09-13 03:22:01',0,0,23,X'33',NULL),
	(124,'2018-09-13 03:22:01','2018-09-13 03:22:01',0,0,23,X'34',NULL),
	(125,'2018-09-13 03:22:01','2018-09-13 03:22:01',0,0,23,X'36',NULL),
	(126,'2018-09-13 03:22:01','2018-09-13 03:22:01',0,0,23,X'37',NULL),
	(127,'2018-09-13 03:22:01','2018-09-13 03:22:01',0,0,23,X'38',NULL),
	(128,'2018-09-13 03:22:01','2018-09-13 03:22:01',0,0,23,X'39',NULL),
	(129,'2018-09-13 03:22:01','2018-09-13 03:22:01',0,0,23,X'3134',NULL),
	(130,'2018-09-13 03:22:01','2018-09-13 03:22:01',0,0,23,X'3135',NULL),
	(131,'2018-09-13 03:22:01','2018-09-13 03:22:01',0,0,23,X'3137',NULL),
	(132,'2018-09-13 03:22:01','2018-09-13 03:22:01',0,0,23,X'3231',NULL),
	(133,'2018-09-13 03:22:01','2018-09-13 03:22:01',0,0,23,X'3232',NULL),
	(134,'2018-09-13 03:30:55','2018-09-21 08:04:11',0,67,15,X'32',0),
	(135,'2018-09-13 03:30:55','2018-09-21 08:04:11',0,67,15,X'33',1),
	(136,'2018-09-13 03:30:55','2018-09-19 09:35:10',1,49,15,X'34',12),
	(137,'2018-09-13 03:30:55','2018-09-19 09:34:50',1,46,15,X'36',7),
	(138,'2018-09-13 03:30:55','2018-09-19 11:29:16',1,55,15,X'37',7),
	(139,'2018-09-13 03:30:55','2018-09-19 09:34:15',1,49,15,X'38',24),
	(140,'2018-09-13 03:30:55','2018-09-19 09:35:10',1,49,15,X'39',17),
	(141,'2018-09-13 03:30:55','2018-09-21 08:04:11',0,55,15,X'3134',6),
	(142,'2018-09-13 03:30:55','2018-09-19 11:29:16',1,51,15,X'3135',6),
	(143,'2018-09-13 03:30:55','2018-09-19 09:35:10',1,56,15,X'3137',9),
	(144,'2018-09-13 03:30:55','2018-09-21 08:04:11',0,49,15,X'3231',3),
	(145,'2018-09-13 03:30:55','2018-09-21 08:04:11',0,52,15,X'3232',8),
	(146,'2018-09-13 06:01:45','2018-09-13 06:01:45',0,0,24,X'32',NULL),
	(147,'2018-09-13 06:01:45','2018-09-13 06:01:45',0,0,24,X'33',NULL),
	(148,'2018-09-13 06:01:45','2018-09-13 06:01:45',0,0,24,X'34',NULL),
	(149,'2018-09-13 06:01:45','2018-09-13 06:01:45',0,0,24,X'36',NULL),
	(150,'2018-09-13 06:01:45','2018-09-13 06:01:45',0,0,24,X'37',NULL),
	(151,'2018-09-13 06:01:45','2018-09-13 06:01:45',0,0,24,X'38',NULL),
	(152,'2018-09-13 06:01:45','2018-09-13 06:01:45',0,0,24,X'39',NULL),
	(153,'2018-09-13 06:01:45','2018-09-13 06:01:45',0,0,24,X'3134',NULL),
	(154,'2018-09-13 06:01:45','2018-09-13 06:01:45',0,0,24,X'3135',NULL),
	(155,'2018-09-13 06:01:45','2018-09-13 06:01:45',0,0,24,X'3137',NULL),
	(156,'2018-09-13 06:01:45','2018-09-13 06:01:45',0,0,24,X'3231',NULL),
	(157,'2018-09-13 06:01:45','2018-09-13 06:01:45',0,0,24,X'3232',NULL),
	(158,'2018-09-13 06:03:55','2018-09-14 07:22:37',0,2,25,X'32',0),
	(159,'2018-09-13 06:03:55','2018-09-14 07:22:37',0,2,25,X'33',10),
	(160,'2018-09-13 06:03:55','2018-09-14 07:22:37',0,2,25,X'34',9),
	(161,'2018-09-13 06:03:55','2018-09-14 07:22:37',0,2,25,X'36',7),
	(162,'2018-09-13 06:03:55','2018-09-14 07:22:37',0,2,25,X'37',6),
	(163,'2018-09-13 06:03:55','2018-09-14 07:22:37',0,2,25,X'38',5),
	(164,'2018-09-13 06:03:55','2018-09-14 07:22:37',0,2,25,X'39',4),
	(165,'2018-09-13 06:03:55','2018-09-14 07:22:37',0,2,25,X'3134',3),
	(166,'2018-09-13 06:03:55','2018-09-14 07:22:37',0,2,25,X'3135',2),
	(167,'2018-09-13 06:03:55','2018-09-14 07:22:37',0,2,25,X'3137',8),
	(168,'2018-09-13 06:03:55','2018-09-14 07:22:37',0,2,25,X'3231',1),
	(169,'2018-09-13 06:03:55','2018-09-14 07:22:37',0,2,25,X'3232',11),
	(182,'2018-09-13 07:02:52','2018-09-13 07:02:52',0,0,10,X'32',NULL),
	(183,'2018-09-13 07:02:52','2018-09-13 07:02:52',0,0,10,X'33',NULL),
	(184,'2018-09-13 07:02:52','2018-09-13 07:02:52',0,0,10,X'34',NULL),
	(185,'2018-09-13 07:02:52','2018-09-13 07:02:52',0,0,10,X'36',NULL),
	(186,'2018-09-13 07:02:52','2018-09-13 07:02:52',0,0,10,X'37',NULL),
	(187,'2018-09-13 07:02:52','2018-09-13 07:02:52',0,0,10,X'38',NULL),
	(188,'2018-09-13 07:02:52','2018-09-13 07:02:52',0,0,10,X'39',NULL),
	(189,'2018-09-13 07:02:52','2018-09-13 07:02:52',0,0,10,X'3134',NULL),
	(190,'2018-09-13 07:02:52','2018-09-13 07:02:52',0,0,10,X'3135',NULL),
	(191,'2018-09-13 07:02:52','2018-09-13 07:02:52',0,0,10,X'3137',NULL),
	(192,'2018-09-13 07:02:52','2018-09-13 07:02:52',0,0,10,X'3231',NULL),
	(193,'2018-09-13 07:02:52','2018-09-13 07:02:52',0,0,10,X'3232',NULL),
	(194,'2018-09-13 07:42:00','2018-09-13 07:42:00',0,0,27,X'32',NULL),
	(195,'2018-09-13 07:42:00','2018-09-13 07:42:00',0,0,27,X'33',NULL),
	(196,'2018-09-13 07:42:00','2018-09-13 07:42:00',0,0,27,X'34',NULL),
	(197,'2018-09-13 07:42:00','2018-09-13 07:42:00',0,0,27,X'36',NULL),
	(198,'2018-09-13 07:42:00','2018-09-13 07:42:00',0,0,27,X'37',NULL),
	(199,'2018-09-13 07:42:00','2018-09-13 07:42:00',0,0,27,X'38',NULL),
	(200,'2018-09-13 07:42:00','2018-09-13 07:42:00',0,0,27,X'39',NULL),
	(201,'2018-09-13 07:42:00','2018-09-13 07:42:00',0,0,27,X'3134',NULL),
	(202,'2018-09-13 07:42:00','2018-09-13 07:42:00',0,0,27,X'3135',NULL),
	(203,'2018-09-13 07:42:00','2018-09-13 07:42:00',0,0,27,X'3137',NULL),
	(204,'2018-09-13 07:42:00','2018-09-13 07:42:00',0,0,27,X'3231',NULL),
	(205,'2018-09-13 07:42:00','2018-09-13 07:42:00',0,0,27,X'3232',NULL),
	(206,'2018-09-14 02:07:08','2018-10-12 08:38:39',0,4,21,X'32',0),
	(207,'2018-09-14 02:07:08','2018-10-12 08:38:39',0,4,21,X'33',13),
	(208,'2018-09-14 02:07:08','2018-10-12 08:38:39',0,4,21,X'34',12),
	(209,'2018-09-14 02:07:08','2018-10-12 08:38:39',0,4,21,X'36',10),
	(210,'2018-09-14 02:07:08','2018-10-12 08:38:39',0,4,21,X'37',9),
	(211,'2018-09-14 02:07:08','2018-10-12 08:38:39',0,4,21,X'38',8),
	(212,'2018-09-14 02:07:08','2018-10-12 08:38:39',0,4,21,X'39',7),
	(213,'2018-09-14 02:07:08','2018-10-12 08:38:39',0,4,21,X'3134',6),
	(214,'2018-09-14 02:07:08','2018-10-12 08:38:39',0,4,21,X'3135',2),
	(215,'2018-09-14 02:07:08','2018-10-12 08:38:39',0,4,21,X'3137',1),
	(216,'2018-09-14 02:07:08','2018-10-12 08:38:39',0,4,21,X'3231',5),
	(217,'2018-09-14 02:07:08','2018-10-12 08:38:39',0,4,21,X'3232',14),
	(218,'2018-09-14 02:20:12','2018-09-14 02:20:12',0,0,28,X'32',NULL),
	(219,'2018-09-14 02:20:12','2018-09-14 02:20:12',0,0,28,X'33',NULL),
	(220,'2018-09-14 02:20:12','2018-09-14 02:20:12',0,0,28,X'34',NULL),
	(221,'2018-09-14 02:20:12','2018-09-14 02:20:12',0,0,28,X'36',NULL),
	(222,'2018-09-14 02:20:12','2018-09-14 02:20:12',0,0,28,X'37',NULL),
	(223,'2018-09-14 02:20:12','2018-09-14 02:20:12',0,0,28,X'38',NULL),
	(224,'2018-09-14 02:20:12','2018-09-14 02:20:12',0,0,28,X'39',NULL),
	(225,'2018-09-14 02:20:12','2018-09-14 02:20:12',0,0,28,X'3134',NULL),
	(226,'2018-09-14 02:20:12','2018-09-14 02:20:12',0,0,28,X'3135',NULL),
	(227,'2018-09-14 02:20:12','2018-09-14 02:20:12',0,0,28,X'3137',NULL),
	(228,'2018-09-14 02:20:12','2018-09-14 02:20:12',0,0,28,X'3231',NULL),
	(229,'2018-09-14 02:20:12','2018-09-14 02:20:12',0,0,28,X'3232',NULL),
	(230,'2018-09-14 03:35:00','2018-09-14 03:35:00',0,0,30,X'32',NULL),
	(231,'2018-09-14 03:35:00','2018-09-14 03:35:00',0,0,30,X'33',NULL),
	(232,'2018-09-14 03:35:00','2018-09-14 03:35:00',0,0,30,X'34',NULL),
	(233,'2018-09-14 03:35:00','2018-09-14 03:35:00',0,0,30,X'36',NULL),
	(234,'2018-09-14 03:35:00','2018-09-14 03:35:00',0,0,30,X'37',NULL),
	(235,'2018-09-14 03:35:00','2018-09-14 03:35:00',0,0,30,X'38',NULL),
	(236,'2018-09-14 03:35:00','2018-09-14 03:35:00',0,0,30,X'39',NULL),
	(237,'2018-09-14 03:35:00','2018-09-14 03:35:00',0,0,30,X'3134',NULL),
	(238,'2018-09-14 03:35:00','2018-09-14 03:35:00',0,0,30,X'3135',NULL),
	(239,'2018-09-14 03:35:00','2018-09-14 03:35:00',0,0,30,X'3137',NULL),
	(240,'2018-09-14 03:35:00','2018-09-14 03:35:00',0,0,30,X'3231',NULL),
	(241,'2018-09-14 03:35:00','2018-09-14 03:35:00',0,0,30,X'3232',NULL),
	(242,'2018-09-14 04:09:50','2018-09-14 04:09:50',0,0,31,X'32',NULL),
	(243,'2018-09-14 04:09:50','2018-09-14 04:09:50',0,0,31,X'33',NULL),
	(244,'2018-09-14 04:09:50','2018-09-14 04:09:50',0,0,31,X'34',NULL),
	(245,'2018-09-14 04:09:50','2018-09-14 04:09:50',0,0,31,X'36',NULL),
	(246,'2018-09-14 04:09:50','2018-09-14 04:09:50',0,0,31,X'37',NULL),
	(247,'2018-09-14 04:09:50','2018-09-14 04:09:50',0,0,31,X'38',NULL),
	(248,'2018-09-14 04:09:50','2018-09-14 04:09:50',0,0,31,X'39',NULL),
	(249,'2018-09-14 04:09:50','2018-09-14 04:09:50',0,0,31,X'3134',NULL),
	(250,'2018-09-14 04:09:50','2018-09-14 04:09:50',0,0,31,X'3135',NULL),
	(251,'2018-09-14 04:09:50','2018-09-14 04:09:50',0,0,31,X'3137',NULL),
	(252,'2018-09-14 04:09:50','2018-09-14 04:09:50',0,0,31,X'3231',NULL),
	(253,'2018-09-14 04:09:50','2018-09-14 04:09:50',0,0,31,X'3232',NULL),
	(254,'2018-09-14 06:02:00','2018-09-14 06:02:00',0,0,29,X'32',NULL),
	(255,'2018-09-14 06:02:00','2018-09-14 06:02:00',0,0,29,X'33',NULL),
	(256,'2018-09-14 06:02:00','2018-09-14 06:02:00',0,0,29,X'34',NULL),
	(257,'2018-09-14 06:02:00','2018-09-14 06:02:00',0,0,29,X'36',NULL),
	(258,'2018-09-14 06:02:00','2018-09-14 06:02:00',0,0,29,X'37',NULL),
	(259,'2018-09-14 06:02:00','2018-09-14 06:02:00',0,0,29,X'38',NULL),
	(260,'2018-09-14 06:02:00','2018-09-14 06:02:00',0,0,29,X'39',NULL),
	(261,'2018-09-14 06:02:00','2018-09-14 06:02:00',0,0,29,X'3134',NULL),
	(262,'2018-09-14 06:02:00','2018-09-14 06:02:00',0,0,29,X'3135',NULL),
	(263,'2018-09-14 06:02:00','2018-09-14 06:02:00',0,0,29,X'3137',NULL),
	(264,'2018-09-14 06:02:00','2018-09-14 06:02:00',0,0,29,X'3231',NULL),
	(265,'2018-09-14 06:02:00','2018-09-14 06:02:00',0,0,29,X'3232',NULL),
	(266,'2018-09-14 06:24:23','2018-09-14 06:25:58',0,29,32,X'32',0),
	(267,'2018-09-14 06:24:23','2018-09-14 06:25:58',0,29,32,X'33',7),
	(268,'2018-09-14 06:24:23','2018-09-14 06:25:43',1,24,32,X'34',8),
	(269,'2018-09-14 06:24:23','2018-09-14 06:25:46',1,25,32,X'36',7),
	(270,'2018-09-14 06:24:23','2018-09-14 06:25:58',0,29,32,X'37',6),
	(271,'2018-09-14 06:24:23','2018-09-14 06:25:58',0,29,32,X'38',5),
	(272,'2018-09-14 06:24:23','2018-09-14 06:25:58',0,29,32,X'39',1),
	(273,'2018-09-14 06:24:23','2018-09-14 06:25:58',0,29,32,X'3134',3),
	(274,'2018-09-14 06:24:23','2018-09-14 06:25:58',0,29,32,X'3135',2),
	(275,'2018-09-14 06:24:23','2018-09-14 06:25:35',1,17,32,X'3137',10),
	(276,'2018-09-14 06:24:23','2018-09-14 06:25:58',0,29,32,X'3231',4),
	(277,'2018-09-14 06:24:23','2018-09-14 06:25:42',1,22,32,X'3232',10),
	(278,'2018-09-14 06:25:14','2018-09-14 06:25:43',1,16,32,X'3131',10),
	(279,'2018-09-14 06:25:19','2018-09-14 06:25:35',1,8,32,X'3132',13),
	(280,'2018-09-14 06:25:19','2018-09-14 06:25:40',1,12,32,X'3139',12),
	(281,'2018-09-14 06:25:20','2018-09-14 06:25:37',1,8,32,X'3234',13),
	(282,'2018-09-14 06:25:21','2018-09-14 06:25:33',1,4,32,X'3130',16),
	(283,'2018-09-14 06:25:21','2018-09-14 06:25:38',1,7,32,X'3133',13),
	(284,'2018-09-14 06:25:22','2018-09-14 06:25:39',1,7,32,X'3332',13),
	(285,'2018-09-14 06:25:23','2018-09-14 06:25:23',1,0,32,X'3238',19),
	(286,'2018-09-14 06:30:10','2018-09-14 09:29:20',0,73,14,X'3234',6),
	(287,'2018-09-14 06:39:19','2018-09-14 06:39:19',1,0,12,X'30',0),
	(288,'2018-09-14 06:39:27','2018-09-14 06:39:27',1,0,12,X'31',0),
	(289,'2018-09-14 06:45:33','2018-09-14 09:10:43',1,62,14,X'3131',2),
	(290,'2018-09-14 06:46:20','2018-09-14 09:29:20',0,71,14,X'3130',3),
	(291,'2018-09-14 06:57:09','2018-09-14 09:29:20',0,60,14,X'3133',11),
	(292,'2018-09-14 06:57:20','2018-09-25 08:36:02',0,172,12,X'3131',21),
	(293,'2018-09-14 06:57:21','2018-09-25 08:36:02',0,100,12,X'3132',8),
	(294,'2018-09-14 07:00:19','2018-09-25 08:36:02',0,230,12,X'3130',2),
	(295,'2018-09-14 07:34:36','2018-09-14 09:29:20',0,14,14,X'3132',13),
	(296,'2018-09-14 08:20:42','2018-09-14 08:20:42',0,0,33,X'32',NULL),
	(297,'2018-09-14 08:20:42','2018-09-14 08:20:42',0,0,33,X'33',NULL),
	(298,'2018-09-14 08:20:42','2018-09-14 08:20:42',0,0,33,X'34',NULL),
	(299,'2018-09-14 08:20:42','2018-09-14 08:20:42',0,0,33,X'36',NULL),
	(300,'2018-09-14 08:20:42','2018-09-14 08:20:42',0,0,33,X'37',NULL),
	(301,'2018-09-14 08:20:42','2018-09-14 08:20:42',0,0,33,X'38',NULL),
	(302,'2018-09-14 08:20:42','2018-09-14 08:20:42',0,0,33,X'39',NULL),
	(303,'2018-09-14 08:20:42','2018-09-14 08:20:42',0,0,33,X'3134',NULL),
	(304,'2018-09-14 08:20:42','2018-09-14 08:20:42',0,0,33,X'3135',NULL),
	(305,'2018-09-14 08:20:42','2018-09-14 08:20:42',0,0,33,X'3137',NULL),
	(306,'2018-09-14 08:20:42','2018-09-14 08:20:42',0,0,33,X'3231',NULL),
	(307,'2018-09-14 08:20:42','2018-09-14 08:20:42',0,0,33,X'3232',NULL),
	(308,'2018-09-14 08:55:55','2018-09-14 08:55:55',0,0,34,X'32',NULL),
	(309,'2018-09-14 08:55:55','2018-09-14 08:55:55',0,0,34,X'33',NULL),
	(310,'2018-09-14 08:55:55','2018-09-14 08:55:55',0,0,34,X'34',NULL),
	(311,'2018-09-14 08:55:55','2018-09-14 08:55:55',0,0,34,X'36',NULL),
	(312,'2018-09-14 08:55:55','2018-09-14 08:55:55',0,0,34,X'37',NULL),
	(313,'2018-09-14 08:55:55','2018-09-14 08:55:55',0,0,34,X'38',NULL),
	(314,'2018-09-14 08:55:55','2018-09-14 08:55:55',0,0,34,X'39',NULL),
	(315,'2018-09-14 08:55:55','2018-09-14 08:55:55',0,0,34,X'3134',NULL),
	(316,'2018-09-14 08:55:55','2018-09-14 08:55:55',0,0,34,X'3135',NULL),
	(317,'2018-09-14 08:55:55','2018-09-14 08:55:55',0,0,34,X'3137',NULL),
	(318,'2018-09-14 08:55:55','2018-09-14 08:55:55',0,0,34,X'3231',NULL),
	(319,'2018-09-14 08:55:55','2018-09-14 08:55:55',0,0,34,X'3232',NULL),
	(320,'2018-09-14 08:57:53','2018-09-25 08:36:02',0,168,12,X'3133',15),
	(321,'2018-09-14 09:09:52','2018-09-14 09:29:20',0,14,14,X'3136',12),
	(322,'2018-09-14 09:13:04','2018-09-14 09:29:20',0,5,14,X'3138',14),
	(323,'2018-09-14 09:13:06','2018-09-14 09:29:20',0,4,14,X'3139',15),
	(324,'2018-09-14 10:04:05','2018-09-19 09:35:10',1,35,15,X'3131',2),
	(325,'2018-09-14 10:04:07','2018-09-19 11:29:16',1,32,15,X'3138',5),
	(326,'2018-09-14 10:04:08','2018-09-21 08:04:11',0,34,15,X'3136',5),
	(327,'2018-09-14 10:04:09','2018-09-21 08:04:11',0,29,15,X'3234',9),
	(328,'2018-09-14 10:04:11','2018-09-21 08:03:45',1,36,15,X'3233',3),
	(329,'2018-09-14 10:04:12','2018-09-19 11:28:56',1,30,15,X'3132',8),
	(330,'2018-09-14 10:04:13','2018-09-19 11:29:16',1,26,15,X'3230',4),
	(331,'2018-09-14 10:04:14','2018-09-19 11:28:56',1,23,15,X'3139',4),
	(332,'2018-09-14 10:04:16','2018-09-21 08:03:45',1,22,15,X'3235',2),
	(333,'2018-09-14 10:04:59','2018-09-14 10:07:50',0,1,4,X'32',0),
	(334,'2018-09-14 10:04:59','2018-09-14 10:07:50',0,1,4,X'33',10),
	(335,'2018-09-14 10:04:59','2018-09-14 10:07:50',0,1,4,X'34',9),
	(336,'2018-09-14 10:04:59','2018-09-14 10:07:50',0,1,4,X'36',8),
	(337,'2018-09-14 10:04:59','2018-09-14 10:07:50',0,1,4,X'37',7),
	(338,'2018-09-14 10:04:59','2018-09-14 10:07:50',0,1,4,X'38',6),
	(339,'2018-09-14 10:04:59','2018-09-14 10:07:50',0,1,4,X'39',5),
	(340,'2018-09-14 10:04:59','2018-09-14 10:07:50',0,1,4,X'3134',4),
	(341,'2018-09-14 10:04:59','2018-09-14 10:07:50',0,1,4,X'3135',3),
	(342,'2018-09-14 10:04:59','2018-09-14 10:07:50',0,1,4,X'3137',2),
	(343,'2018-09-14 10:04:59','2018-09-14 10:07:50',0,1,4,X'3231',1),
	(344,'2018-09-14 10:04:59','2018-09-14 10:07:50',0,1,4,X'3232',11),
	(345,'2018-09-14 10:56:32','2018-09-21 08:04:11',0,18,15,X'3239',2),
	(346,'2018-09-14 11:13:33','2018-09-14 11:13:33',0,0,35,X'32',NULL),
	(347,'2018-09-14 11:13:33','2018-09-14 11:13:33',0,0,35,X'33',NULL),
	(348,'2018-09-14 11:13:33','2018-09-14 11:13:33',0,0,35,X'34',NULL),
	(349,'2018-09-14 11:13:33','2018-09-14 11:13:33',0,0,35,X'36',NULL),
	(350,'2018-09-14 11:13:33','2018-09-14 11:13:33',0,0,35,X'37',NULL),
	(351,'2018-09-14 11:13:33','2018-09-14 11:13:33',0,0,35,X'38',NULL),
	(352,'2018-09-14 11:13:33','2018-09-14 11:13:33',0,0,35,X'39',NULL),
	(353,'2018-09-14 11:13:33','2018-09-14 11:13:33',0,0,35,X'3134',NULL),
	(354,'2018-09-14 11:13:33','2018-09-14 11:13:33',0,0,35,X'3135',NULL),
	(355,'2018-09-14 11:13:33','2018-09-14 11:13:33',0,0,35,X'3137',NULL),
	(356,'2018-09-14 11:13:33','2018-09-14 11:13:33',0,0,35,X'3231',NULL),
	(357,'2018-09-14 11:13:33','2018-09-14 11:13:33',0,0,35,X'3232',NULL),
	(358,'2018-09-14 11:17:53','2018-09-25 08:36:02',0,89,12,X'3332',7),
	(359,'2018-09-14 11:17:55','2018-09-25 08:36:02',0,67,12,X'3235',5),
	(360,'2018-09-14 11:17:56','2018-09-25 08:36:02',0,91,12,X'3234',20),
	(361,'2018-09-14 11:17:57','2018-09-19 11:49:47',1,52,12,X'3239',4),
	(362,'2018-09-14 11:17:58','2018-09-19 11:37:44',1,98,12,X'3236',23),
	(363,'2018-09-14 11:18:46','2018-09-21 08:04:11',0,15,15,X'3133',4),
	(364,'2018-09-14 11:18:46','2018-09-19 09:35:10',1,18,15,X'3332',6),
	(365,'2018-09-14 11:18:46','2018-09-19 09:35:10',1,10,15,X'3236',7),
	(366,'2018-09-14 12:34:23','2018-09-25 08:36:02',0,93,12,X'3230',3),
	(367,'2018-09-14 12:34:24','2018-09-25 08:36:02',0,68,12,X'3233',9),
	(368,'2018-09-14 12:34:25','2018-09-25 08:36:02',0,107,12,X'3138',11),
	(369,'2018-09-14 12:34:25','2018-09-25 08:36:02',0,107,12,X'3136',16),
	(370,'2018-09-14 12:34:27','2018-09-25 08:36:02',0,63,12,X'3237',14),
	(371,'2018-09-14 12:34:29','2018-09-25 08:36:02',0,53,12,X'3238',17),
	(372,'2018-09-14 12:35:19','2018-09-19 11:49:47',1,101,12,X'3139',9),
	(373,'2018-09-14 12:35:20','2018-09-25 08:36:02',0,67,12,X'3330',12),
	(374,'2018-09-14 12:35:41','2018-09-25 08:36:02',0,70,12,X'3331',13),
	(375,'2018-09-14 12:42:00','2018-09-21 08:04:11',0,7,15,X'3331',7),
	(376,'2018-09-17 04:03:40','2018-09-17 08:04:57',0,42,36,X'32',0),
	(377,'2018-09-17 04:03:40','2018-09-17 08:04:57',0,42,36,X'33',1),
	(378,'2018-09-17 04:03:40','2018-09-17 08:04:17',1,40,36,X'34',18),
	(379,'2018-09-17 04:03:40','2018-09-17 08:04:57',0,40,36,X'36',6),
	(380,'2018-09-17 04:03:40','2018-09-17 08:04:17',1,39,36,X'37',13),
	(381,'2018-09-17 04:03:40','2018-09-17 08:04:17',1,41,36,X'38',2),
	(382,'2018-09-17 04:03:40','2018-09-17 08:04:17',1,41,36,X'39',1),
	(383,'2018-09-17 04:03:40','2018-09-17 08:04:57',0,40,36,X'3134',8),
	(384,'2018-09-17 04:03:40','2018-09-17 08:04:17',1,40,36,X'3135',24),
	(385,'2018-09-17 04:03:40','2018-09-17 08:04:17',1,40,36,X'3137',25),
	(386,'2018-09-17 04:03:40','2018-09-17 08:04:57',0,42,36,X'3231',9),
	(387,'2018-09-17 04:03:40','2018-09-17 08:04:17',1,41,36,X'3232',4),
	(388,'2018-09-17 05:52:58','2018-09-17 08:04:17',1,34,36,X'3132',21),
	(389,'2018-09-17 05:53:00','2018-09-17 08:04:17',1,30,36,X'3138',23),
	(390,'2018-09-17 05:53:00','2018-09-17 08:04:17',1,34,36,X'3332',5),
	(391,'2018-09-17 05:53:00','2018-09-17 08:04:17',1,34,36,X'3238',6),
	(392,'2018-09-17 05:53:00','2018-09-17 08:04:57',0,35,36,X'3234',2),
	(393,'2018-09-17 05:53:00','2018-09-17 08:03:35',1,29,36,X'3233',17),
	(394,'2018-09-17 05:53:00','2018-09-17 08:04:17',1,12,36,X'3230',17),
	(395,'2018-09-17 05:53:01','2018-09-17 08:04:17',1,17,36,X'3330',16),
	(396,'2018-09-17 05:53:04','2018-09-17 05:53:42',1,9,36,X'3131',20),
	(397,'2018-09-17 05:53:04','2018-09-17 08:04:57',0,12,36,X'3139',4),
	(398,'2018-09-17 05:53:05','2018-09-17 08:04:57',0,19,36,X'3136',5),
	(399,'2018-09-17 05:53:40','2018-09-17 08:04:17',1,18,36,X'3133',20),
	(400,'2018-09-17 06:01:25','2018-09-17 08:04:57',0,14,36,X'3235',3),
	(401,'2018-09-17 06:01:27','2018-09-17 08:04:17',1,3,36,X'3237',22),
	(402,'2018-09-17 08:03:35','2018-09-17 08:04:57',0,1,36,X'3239',7),
	(403,'2018-09-17 08:03:35','2018-09-17 08:04:57',0,4,36,X'3331',10),
	(404,'2018-09-17 08:03:35','2018-09-17 08:04:17',1,4,36,X'3236',15),
	(405,'2018-09-17 08:03:35','2018-09-17 08:04:17',1,4,36,X'3130',19),
	(406,'2018-09-17 10:00:27','2018-09-19 10:06:16',0,23,37,X'32',0),
	(407,'2018-09-17 10:00:27','2018-09-19 10:06:16',0,23,37,X'33',1),
	(408,'2018-09-17 10:00:27','2018-09-19 09:23:39',1,5,37,X'34',14),
	(409,'2018-09-17 10:00:27','2018-09-19 10:05:39',1,10,37,X'36',17),
	(410,'2018-09-17 10:00:27','2018-09-19 10:02:53',1,9,37,X'37',14),
	(411,'2018-09-17 10:00:27','2018-09-19 10:02:53',1,8,37,X'38',16),
	(412,'2018-09-17 10:00:27','2018-09-19 10:06:16',0,12,37,X'39',9),
	(413,'2018-09-17 10:00:27','2018-09-19 10:06:16',0,10,37,X'3134',6),
	(414,'2018-09-17 10:00:27','2018-09-19 10:05:39',1,11,37,X'3135',11),
	(415,'2018-09-17 10:00:27','2018-09-19 10:05:39',1,10,37,X'3137',6),
	(416,'2018-09-17 10:00:27','2018-09-19 10:06:16',0,11,37,X'3231',5),
	(417,'2018-09-17 10:00:27','2018-09-19 10:06:12',1,20,37,X'3232',5),
	(418,'2018-09-17 11:57:26','2018-09-21 09:13:15',0,8,20,X'3238',10),
	(419,'2018-09-17 11:57:26','2018-09-21 06:17:01',1,11,20,X'3235',5),
	(420,'2018-09-17 11:57:26','2018-09-21 06:49:29',1,12,20,X'3139',6),
	(421,'2018-09-17 11:57:26','2018-09-21 09:13:15',0,12,20,X'3233',2),
	(422,'2018-09-17 11:57:26','2018-09-21 06:49:29',1,9,20,X'3130',9),
	(423,'2018-09-17 11:57:26','2018-09-21 09:13:15',0,18,20,X'3230',11),
	(424,'2018-09-17 11:57:26','2018-09-21 06:50:19',1,14,20,X'3234',13),
	(425,'2018-09-17 11:57:26','2018-09-21 09:12:30',1,22,20,X'3136',2),
	(426,'2018-09-17 11:57:26','2018-09-21 09:13:15',0,16,20,X'3138',12),
	(427,'2018-09-17 11:57:26','2018-09-21 06:41:54',1,7,20,X'3331',11),
	(428,'2018-09-17 11:57:26','2018-09-21 09:13:15',0,18,20,X'3332',3),
	(429,'2018-09-17 11:57:26','2018-09-21 09:13:15',0,16,20,X'3133',4),
	(430,'2018-09-17 11:57:26','2018-09-21 06:50:05',1,11,20,X'3131',10),
	(431,'2018-09-17 11:57:26','2018-09-21 09:13:15',0,16,20,X'3132',6),
	(432,'2018-09-17 11:57:26','2018-09-21 06:50:19',1,21,20,X'3236',11),
	(433,'2018-09-17 11:57:26','2018-09-21 09:13:15',0,14,20,X'3237',9),
	(434,'2018-09-17 11:57:26','2018-09-21 06:49:29',1,9,20,X'3239',20),
	(435,'2018-09-17 11:57:26','2018-09-21 06:50:19',1,10,20,X'3330',9),
	(436,'2018-09-18 07:17:56','2018-09-18 07:17:56',0,0,38,X'32',NULL),
	(437,'2018-09-18 07:17:56','2018-09-18 07:17:56',0,0,38,X'33',NULL),
	(438,'2018-09-18 07:17:56','2018-09-18 07:17:56',0,0,38,X'34',NULL),
	(439,'2018-09-18 07:17:56','2018-09-18 07:17:56',0,0,38,X'36',NULL),
	(440,'2018-09-18 07:17:56','2018-09-18 07:17:56',0,0,38,X'37',NULL),
	(441,'2018-09-18 07:17:56','2018-09-18 07:17:56',0,0,38,X'38',NULL),
	(442,'2018-09-18 07:17:56','2018-09-18 07:17:56',0,0,38,X'39',NULL),
	(443,'2018-09-18 07:17:56','2018-09-18 07:17:56',0,0,38,X'3134',NULL),
	(444,'2018-09-18 07:17:56','2018-09-18 07:17:56',0,0,38,X'3135',NULL),
	(445,'2018-09-18 07:17:56','2018-09-18 07:17:56',0,0,38,X'3137',NULL),
	(446,'2018-09-18 07:17:56','2018-09-18 07:17:56',0,0,38,X'3231',NULL),
	(447,'2018-09-18 07:17:56','2018-09-18 07:17:56',0,0,38,X'3232',NULL),
	(448,'2018-09-18 08:30:19','2018-09-19 11:49:16',0,8,39,X'32',0),
	(449,'2018-09-18 08:30:19','2018-09-19 11:49:16',0,8,39,X'33',1),
	(450,'2018-09-18 08:30:19','2018-09-18 08:30:19',1,0,39,X'34',NULL),
	(451,'2018-09-18 08:30:19','2018-09-19 11:49:03',1,3,39,X'36',20),
	(452,'2018-09-18 08:30:19','2018-09-19 11:49:16',0,6,39,X'37',10),
	(453,'2018-09-18 08:30:19','2018-09-18 08:30:19',1,0,39,X'38',NULL),
	(454,'2018-09-18 08:30:19','2018-09-19 11:49:16',0,7,39,X'39',18),
	(455,'2018-09-18 08:30:19','2018-09-19 11:49:03',1,1,39,X'3134',17),
	(456,'2018-09-18 08:30:19','2018-09-19 11:49:16',0,6,39,X'3135',13),
	(457,'2018-09-18 08:30:19','2018-09-19 11:49:16',0,8,39,X'3137',4),
	(458,'2018-09-18 08:30:19','2018-09-19 11:49:16',0,8,39,X'3231',5),
	(459,'2018-09-18 08:30:19','2018-09-19 11:49:16',0,8,39,X'3232',2),
	(460,'2018-09-18 08:32:30','2018-09-19 11:49:16',0,7,39,X'3139',3),
	(461,'2018-09-18 08:32:30','2018-09-19 11:49:16',0,5,39,X'3237',12),
	(462,'2018-09-18 08:32:30','2018-09-19 11:49:16',0,5,39,X'3239',14),
	(463,'2018-09-18 08:32:30','2018-09-19 11:49:03',1,5,39,X'3234',6),
	(464,'2018-09-18 08:32:30','2018-09-19 11:49:16',0,5,39,X'3230',11),
	(465,'2018-09-18 08:32:30','2018-09-19 11:49:16',0,7,39,X'3235',6),
	(466,'2018-09-18 08:32:30','2018-09-19 11:49:03',1,5,39,X'3238',8),
	(467,'2018-09-18 08:32:30','2018-09-19 11:49:03',1,5,39,X'3332',9),
	(468,'2018-09-18 08:32:30','2018-09-19 11:49:03',1,5,39,X'3331',10),
	(469,'2018-09-18 08:32:30','2018-09-19 11:49:16',0,6,39,X'3236',17),
	(470,'2018-09-18 08:32:30','2018-09-19 11:49:16',0,7,39,X'3233',8),
	(471,'2018-09-18 08:32:30','2018-09-19 11:49:16',0,6,39,X'3330',20),
	(472,'2018-09-19 07:13:34','2018-09-19 10:06:16',0,21,37,X'3237',10),
	(473,'2018-09-19 07:13:34','2018-09-19 10:06:16',0,21,37,X'3234',3),
	(474,'2018-09-19 07:13:34','2018-09-19 10:06:16',0,13,37,X'3230',7),
	(475,'2018-09-19 07:13:34','2018-09-19 10:05:39',1,12,37,X'3136',15),
	(476,'2018-09-19 07:13:34','2018-09-19 10:02:53',1,6,37,X'3238',11),
	(477,'2018-09-19 07:13:34','2018-09-19 10:06:12',1,8,37,X'3236',6),
	(478,'2018-09-19 07:13:34','2018-09-19 10:05:39',1,11,37,X'3233',19),
	(479,'2018-09-19 07:13:34','2018-09-19 10:06:16',0,16,37,X'3239',2),
	(480,'2018-09-19 07:13:34','2018-09-19 10:06:12',1,13,37,X'3138',8),
	(481,'2018-09-19 07:13:34','2018-09-19 10:05:39',1,8,37,X'3332',16),
	(482,'2018-09-19 07:13:34','2018-09-19 10:05:39',1,13,37,X'3235',9),
	(483,'2018-09-19 07:13:34','2018-09-19 10:02:53',1,8,37,X'3330',21),
	(484,'2018-09-19 07:13:34','2018-09-19 10:02:53',1,5,37,X'3331',24),
	(485,'2018-09-19 07:13:41','2018-09-19 10:06:16',0,11,37,X'3131',8),
	(486,'2018-09-19 07:13:41','2018-09-19 10:06:16',0,5,37,X'3132',12),
	(487,'2018-09-19 07:13:41','2018-09-19 10:02:53',1,8,37,X'3133',12),
	(488,'2018-09-19 08:32:41','2018-09-19 10:06:16',0,16,37,X'3130',4),
	(489,'2018-09-19 08:51:33','2018-09-19 09:34:26',1,3,15,X'3330',12),
	(490,'2018-09-19 08:51:33','2018-09-19 09:34:50',1,4,15,X'3238',9),
	(491,'2018-09-19 09:23:29','2018-09-19 10:06:16',0,7,37,X'3139',11),
	(492,'2018-09-19 09:34:15','2018-09-19 09:35:10',1,5,15,X'3130',3),
	(493,'2018-09-19 09:34:15','2018-09-19 09:35:10',1,1,15,X'3237',15),
	(494,'2018-09-19 11:49:03','2018-09-19 11:49:16',0,2,39,X'3136',9),
	(495,'2018-09-19 11:49:03','2018-09-19 11:49:16',0,2,39,X'3133',7),
	(496,'2018-09-19 11:49:03','2018-09-19 11:49:03',1,0,39,X'3131',19),
	(497,'2018-09-19 11:49:12','2018-09-19 11:49:16',0,1,39,X'3132',15),
	(498,'2018-09-19 11:49:12','2018-09-19 11:49:16',0,1,39,X'3138',16),
	(499,'2018-09-19 11:49:16','2018-09-19 11:49:16',0,0,39,X'3130',19),
	(500,'2018-09-20 18:20:16','2018-09-21 14:06:26',0,1,40,X'32',1),
	(501,'2018-09-20 18:20:16','2018-09-21 14:06:26',1,1,40,X'33',4),
	(502,'2018-09-20 18:20:16','2018-09-21 14:11:39',0,2,40,X'34',4),
	(503,'2018-09-20 18:20:16','2018-09-21 14:06:26',1,1,40,X'36',1),
	(504,'2018-09-20 18:20:16','2018-09-21 14:06:26',1,1,40,X'37',9),
	(505,'2018-09-20 18:20:16','2018-09-21 14:06:26',1,1,40,X'38',6),
	(506,'2018-09-20 18:20:16','2018-09-21 14:06:26',1,1,40,X'39',3),
	(507,'2018-09-20 18:20:16','2018-09-21 14:06:26',1,1,40,X'3134',20),
	(508,'2018-09-20 18:20:16','2018-09-21 14:06:26',1,1,40,X'3135',11),
	(509,'2018-09-20 18:20:16','2018-09-21 14:06:26',1,1,40,X'3137',12),
	(510,'2018-09-20 18:20:16','2018-09-21 14:06:26',1,1,40,X'3231',17),
	(511,'2018-09-20 18:20:16','2018-09-21 14:06:26',1,1,40,X'3232',5),
	(512,'2018-09-21 14:06:26','2018-09-21 14:06:26',0,0,40,X'31',0),
	(513,'2018-09-21 14:06:26','2018-09-21 14:07:57',1,1,40,X'35',2),
	(514,'2018-09-21 14:07:57','2018-09-21 14:11:12',1,1,40,X'33',2),
	(515,'2018-09-21 14:11:12','2018-09-21 14:11:39',0,1,40,X'35',3),
	(516,'2018-09-21 14:11:39','2018-09-21 14:11:39',0,0,40,X'37',2),
	(517,'2018-09-25 03:08:10','2018-09-25 03:08:10',0,0,41,X'32',NULL),
	(518,'2018-09-25 03:08:10','2018-09-25 03:08:10',0,0,41,X'33',NULL),
	(519,'2018-09-25 03:08:10','2018-09-25 03:08:10',0,0,41,X'34',NULL),
	(520,'2018-09-25 03:08:10','2018-09-25 03:08:10',0,0,41,X'36',NULL),
	(521,'2018-09-25 03:08:10','2018-09-25 03:08:10',0,0,41,X'37',NULL),
	(522,'2018-09-25 03:08:10','2018-09-25 03:08:10',0,0,41,X'38',NULL),
	(523,'2018-09-25 03:08:10','2018-09-25 03:08:10',0,0,41,X'39',NULL),
	(524,'2018-09-25 03:08:10','2018-09-25 03:08:10',0,0,41,X'3134',NULL),
	(525,'2018-09-25 03:08:10','2018-09-25 03:08:10',0,0,41,X'3135',NULL),
	(526,'2018-09-25 03:08:10','2018-09-25 03:08:10',0,0,41,X'3137',NULL),
	(527,'2018-09-25 03:08:10','2018-09-25 03:08:10',0,0,41,X'3231',NULL),
	(528,'2018-09-25 03:08:10','2018-09-25 03:08:10',0,0,41,X'3232',NULL),
	(529,'2018-09-25 08:51:10','2018-09-25 08:55:14',0,2,43,X'32',0),
	(530,'2018-09-25 08:51:10','2018-09-25 08:55:14',0,2,43,X'33',1),
	(531,'2018-09-25 08:51:10','2018-09-25 08:51:10',1,0,43,X'34',NULL),
	(532,'2018-09-25 08:51:10','2018-09-25 08:55:14',0,1,43,X'36',9),
	(533,'2018-09-25 08:51:10','2018-09-25 08:55:14',0,1,43,X'37',17),
	(534,'2018-09-25 08:51:10','2018-09-25 08:51:10',1,0,43,X'38',NULL),
	(535,'2018-09-25 08:51:10','2018-09-25 08:51:10',1,0,43,X'39',NULL),
	(536,'2018-09-25 08:51:10','2018-09-25 08:55:14',0,1,43,X'3134',14),
	(537,'2018-09-25 08:51:10','2018-09-25 08:55:14',0,1,43,X'3135',4),
	(538,'2018-09-25 08:51:10','2018-09-25 08:55:14',0,1,43,X'3137',6),
	(539,'2018-09-25 08:51:10','2018-09-25 08:55:14',0,1,43,X'3231',8),
	(540,'2018-09-25 08:51:10','2018-09-25 08:55:14',0,2,43,X'3232',2),
	(541,'2018-09-25 08:55:14','2018-09-25 08:55:14',0,0,43,X'3138',3),
	(542,'2018-09-25 08:55:14','2018-09-25 08:55:14',0,0,43,X'3139',5),
	(543,'2018-09-25 08:55:14','2018-09-25 08:55:14',0,0,43,X'3132',7),
	(544,'2018-09-25 08:55:14','2018-09-25 08:55:14',0,0,43,X'3230',10),
	(545,'2018-09-25 08:55:14','2018-09-25 08:55:14',0,0,43,X'3331',11),
	(546,'2018-09-25 08:55:14','2018-09-25 08:55:14',0,0,43,X'3136',12),
	(547,'2018-09-25 08:55:14','2018-09-25 08:55:14',0,0,43,X'3133',13),
	(548,'2018-09-25 08:55:14','2018-09-25 08:55:14',0,0,43,X'3236',15),
	(549,'2018-09-25 08:55:14','2018-09-25 08:55:14',0,0,43,X'3332',16),
	(550,'2018-09-25 08:55:14','2018-09-25 08:55:14',0,0,43,X'3234',18),
	(551,'2018-09-25 08:55:14','2018-09-25 08:55:14',0,0,43,X'3233',19),
	(552,'2018-09-25 08:55:14','2018-09-25 08:55:14',0,0,43,X'3330',20),
	(553,'2018-09-25 10:04:21','2018-09-25 10:56:46',0,1,44,X'32',0),
	(554,'2018-09-25 10:04:21','2018-09-25 10:56:46',0,1,44,X'33',1),
	(555,'2018-09-25 10:04:21','2018-09-25 10:04:21',1,0,44,X'34',NULL),
	(556,'2018-09-25 10:04:21','2018-09-25 10:04:21',1,0,44,X'36',NULL),
	(557,'2018-09-25 10:04:21','2018-09-25 10:04:21',1,0,44,X'37',NULL),
	(558,'2018-09-25 10:04:21','2018-09-25 10:04:21',1,0,44,X'38',NULL),
	(559,'2018-09-25 10:04:21','2018-09-25 10:04:21',1,0,44,X'39',NULL),
	(560,'2018-09-25 10:04:21','2018-09-25 10:04:21',1,0,44,X'3134',NULL),
	(561,'2018-09-25 10:04:21','2018-09-25 10:04:21',1,0,44,X'3135',NULL),
	(562,'2018-09-25 10:04:21','2018-09-25 10:04:21',1,0,44,X'3137',NULL),
	(563,'2018-09-25 10:04:21','2018-09-25 10:04:21',1,0,44,X'3231',NULL),
	(564,'2018-09-25 10:04:21','2018-09-25 10:56:46',0,1,44,X'3232',2),
	(565,'2018-09-25 10:56:46','2018-09-25 10:56:46',0,0,44,X'3234',3),
	(566,'2018-09-25 10:56:46','2018-09-25 10:56:46',0,0,44,X'3230',4),
	(567,'2018-09-25 10:56:46','2018-09-25 10:56:46',0,0,44,X'3236',5),
	(568,'2018-09-25 10:56:46','2018-09-25 10:56:46',0,0,44,X'3237',6),
	(569,'2018-09-25 10:56:46','2018-09-25 10:56:46',0,0,44,X'3332',7),
	(570,'2018-09-25 10:56:46','2018-09-25 10:56:46',0,0,44,X'3233',8),
	(571,'2018-09-25 10:56:46','2018-09-25 10:56:46',0,0,44,X'3235',9),
	(572,'2018-09-25 10:56:46','2018-09-25 10:56:46',0,0,44,X'3136',10),
	(573,'2018-09-27 09:05:19','2018-09-27 09:06:00',0,1,45,X'32',0),
	(574,'2018-09-27 09:05:19','2018-09-27 09:06:00',0,1,45,X'33',1),
	(575,'2018-09-27 09:05:19','2018-09-27 09:05:19',1,0,45,X'34',NULL),
	(576,'2018-09-27 09:05:19','2018-09-27 09:05:19',1,0,45,X'36',NULL),
	(577,'2018-09-27 09:05:19','2018-09-27 09:05:19',1,0,45,X'37',NULL),
	(578,'2018-09-27 09:05:19','2018-09-27 09:05:19',1,0,45,X'38',NULL),
	(579,'2018-09-27 09:05:19','2018-09-27 09:05:19',1,0,45,X'39',NULL),
	(580,'2018-09-27 09:05:19','2018-09-27 09:06:00',0,1,45,X'3134',6),
	(581,'2018-09-27 09:05:19','2018-09-27 09:06:00',0,1,45,X'3135',10),
	(582,'2018-09-27 09:05:19','2018-09-27 09:06:00',0,1,45,X'3137',5),
	(583,'2018-09-27 09:05:19','2018-09-27 09:06:00',0,1,45,X'3231',14),
	(584,'2018-09-27 09:05:19','2018-09-27 09:05:19',1,0,45,X'3232',NULL),
	(585,'2018-09-27 09:06:00','2018-09-27 09:06:00',0,0,45,X'3237',2),
	(586,'2018-09-27 09:06:00','2018-09-27 09:06:00',0,0,45,X'3238',3),
	(587,'2018-09-27 09:06:00','2018-09-27 09:06:00',0,0,45,X'3331',4),
	(588,'2018-09-27 09:06:00','2018-09-27 09:06:00',0,0,45,X'3330',7),
	(589,'2018-09-27 09:06:00','2018-09-27 09:06:00',0,0,45,X'3235',8),
	(590,'2018-09-27 09:06:00','2018-09-27 09:06:00',0,0,45,X'3236',9),
	(591,'2018-09-27 09:06:00','2018-09-27 09:06:00',0,0,45,X'3233',11),
	(592,'2018-09-27 09:06:00','2018-09-27 09:06:00',0,0,45,X'3230',12),
	(593,'2018-09-27 09:06:00','2018-09-27 09:06:00',0,0,45,X'3139',13),
	(594,'2018-09-30 07:03:30','2018-09-30 07:06:09',0,2,47,X'32',0),
	(595,'2018-09-30 07:03:30','2018-09-30 07:06:09',0,2,47,X'33',1),
	(596,'2018-09-30 07:03:30','2018-09-30 07:03:30',1,0,47,X'34',NULL),
	(597,'2018-09-30 07:03:30','2018-09-30 07:03:30',1,0,47,X'36',NULL),
	(598,'2018-09-30 07:03:30','2018-09-30 07:03:30',1,0,47,X'37',NULL),
	(599,'2018-09-30 07:03:30','2018-09-30 07:03:30',1,0,47,X'38',NULL),
	(600,'2018-09-30 07:03:30','2018-09-30 07:03:30',1,0,47,X'39',NULL),
	(601,'2018-09-30 07:03:30','2018-09-30 07:03:30',1,0,47,X'3134',NULL),
	(602,'2018-09-30 07:03:30','2018-09-30 07:03:30',1,0,47,X'3135',NULL),
	(603,'2018-09-30 07:03:30','2018-09-30 07:03:30',1,0,47,X'3137',NULL),
	(604,'2018-09-30 07:03:30','2018-09-30 07:03:30',1,0,47,X'3231',NULL),
	(605,'2018-09-30 07:03:30','2018-09-30 07:06:09',0,2,47,X'3232',2),
	(606,'2018-09-30 07:06:09','2018-09-30 07:06:09',0,0,47,X'3236',3),
	(607,'2018-09-30 07:06:09','2018-09-30 07:06:09',0,0,47,X'3237',4),
	(608,'2018-09-30 07:06:09','2018-09-30 07:06:09',0,0,47,X'3233',5),
	(609,'2018-09-30 07:06:09','2018-09-30 07:06:09',0,0,47,X'3331',6),
	(610,'2018-09-30 07:06:09','2018-09-30 07:06:09',0,0,47,X'3234',7),
	(611,'2018-09-30 07:06:09','2018-09-30 07:06:09',0,0,47,X'3139',8),
	(612,'2018-09-30 07:06:09','2018-09-30 07:06:09',0,0,47,X'3332',9),
	(613,'2018-10-09 05:47:20','2018-10-09 07:33:35',0,3,48,X'32',0),
	(614,'2018-10-09 05:47:20','2018-10-09 07:33:35',0,3,48,X'33',6),
	(615,'2018-10-09 05:47:20','2018-10-09 07:33:35',0,3,48,X'34',7),
	(616,'2018-10-09 05:47:20','2018-10-09 07:33:35',0,3,48,X'36',4),
	(617,'2018-10-09 05:47:20','2018-10-09 07:33:35',0,3,48,X'37',5),
	(618,'2018-10-09 05:47:20','2018-10-09 07:29:27',1,1,48,X'38',3),
	(619,'2018-10-09 05:47:20','2018-10-09 07:33:35',0,3,48,X'39',3),
	(620,'2018-10-09 05:47:20','2018-10-09 07:33:35',0,3,48,X'3134',2),
	(621,'2018-10-09 05:47:20','2018-10-09 07:29:27',1,1,48,X'3135',2),
	(622,'2018-10-09 05:47:20','2018-10-09 07:33:35',0,3,48,X'3137',1),
	(623,'2018-10-09 05:47:20','2018-10-09 07:33:35',0,3,48,X'3231',8),
	(624,'2018-10-09 05:47:20','2018-10-09 07:33:35',0,3,48,X'3232',9),
	(625,'2018-10-10 08:40:28','2018-10-10 08:40:28',0,0,49,X'32',NULL),
	(626,'2018-10-10 08:40:28','2018-10-10 08:40:28',0,0,49,X'33',NULL),
	(627,'2018-10-10 08:40:28','2018-10-10 08:40:28',0,0,49,X'34',NULL),
	(628,'2018-10-10 08:40:28','2018-10-10 08:40:28',0,0,49,X'36',NULL),
	(629,'2018-10-10 08:40:28','2018-10-10 08:40:28',0,0,49,X'37',NULL),
	(630,'2018-10-10 08:40:28','2018-10-10 08:40:28',0,0,49,X'38',NULL),
	(631,'2018-10-10 08:40:28','2018-10-10 08:40:28',0,0,49,X'39',NULL),
	(632,'2018-10-10 08:40:28','2018-10-10 08:40:28',0,0,49,X'3134',NULL),
	(633,'2018-10-10 08:40:28','2018-10-10 08:40:28',0,0,49,X'3135',NULL),
	(634,'2018-10-10 08:40:28','2018-10-10 08:40:28',0,0,49,X'3137',NULL),
	(635,'2018-10-10 08:40:28','2018-10-10 08:40:28',0,0,49,X'3231',NULL),
	(636,'2018-10-10 08:40:28','2018-10-10 08:40:28',0,0,49,X'3232',NULL),
	(637,'2018-10-12 03:41:45','2018-10-12 08:38:39',0,3,21,X'3132',11),
	(638,'2018-10-12 03:41:45','2018-10-12 08:38:39',0,3,21,X'3133',15),
	(639,'2018-10-12 03:41:45','2018-10-12 08:38:39',0,3,21,X'3230',16),
	(640,'2018-10-12 03:41:45','2018-10-12 08:38:39',0,3,21,X'3238',4),
	(641,'2018-10-12 03:41:45','2018-10-12 08:38:39',0,3,21,X'3139',3),
	(642,'2018-10-12 09:26:57','2018-10-15 05:53:11',0,2,50,X'32',0),
	(643,'2018-10-12 09:26:57','2018-10-15 05:53:11',0,2,50,X'33',1),
	(644,'2018-10-12 09:26:57','2018-10-12 09:26:57',1,0,50,X'34',NULL),
	(645,'2018-10-12 09:26:57','2018-10-12 09:26:57',1,0,50,X'36',NULL),
	(646,'2018-10-12 09:26:57','2018-10-12 09:26:57',1,0,50,X'37',NULL),
	(647,'2018-10-12 09:26:57','2018-10-12 09:26:57',1,0,50,X'38',NULL),
	(648,'2018-10-12 09:26:57','2018-10-15 05:53:11',0,1,50,X'39',3),
	(649,'2018-10-12 09:26:57','2018-10-15 05:53:12',0,1,50,X'3134',9),
	(650,'2018-10-12 09:26:57','2018-10-12 09:26:57',1,0,50,X'3135',NULL),
	(651,'2018-10-12 09:26:57','2018-10-12 09:26:57',1,0,50,X'3137',NULL),
	(652,'2018-10-12 09:26:57','2018-10-12 09:26:57',1,0,50,X'3231',NULL),
	(653,'2018-10-12 09:26:57','2018-10-15 05:53:11',0,2,50,X'3232',2),
	(654,'2018-10-15 05:53:12','2018-10-15 05:53:12',0,0,50,X'3136',4),
	(655,'2018-10-15 05:53:12','2018-10-15 05:53:12',0,0,50,X'3138',5),
	(656,'2018-10-15 05:53:12','2018-10-15 05:53:12',0,0,50,X'3132',6),
	(657,'2018-10-15 05:53:12','2018-10-15 05:53:12',0,0,50,X'3133',7),
	(658,'2018-10-15 05:53:12','2018-10-15 05:53:12',0,0,50,X'3130',8),
	(659,'2018-10-15 05:53:12','2018-10-15 05:53:12',0,0,50,X'3332',10),
	(660,'2018-10-15 05:53:12','2018-10-15 05:53:12',0,0,50,X'3139',11),
	(661,'2018-10-15 05:53:12','2018-10-15 05:53:12',0,0,50,X'3230',12),
	(662,'2018-10-15 09:35:18','2018-10-15 09:44:39',1,2,1,X'3233',3),
	(663,'2018-10-15 09:35:18','2018-10-16 02:20:59',1,6,1,X'3234',15),
	(664,'2018-10-15 09:35:18','2018-10-15 09:44:39',1,2,1,X'3237',5),
	(665,'2018-10-15 09:35:18','2018-10-15 09:44:39',1,2,1,X'3238',6),
	(666,'2018-10-15 09:35:18','2018-10-15 09:44:39',1,2,1,X'3239',7),
	(667,'2018-10-15 09:35:18','2018-10-15 09:44:39',1,2,1,X'3330',8),
	(668,'2018-10-15 09:35:18','2018-10-15 09:44:39',1,2,1,X'3331',9),
	(669,'2018-10-15 09:47:14','2018-10-16 09:07:51',0,6,1,X'3230',3),
	(670,'2018-10-15 09:47:14','2018-10-16 02:20:59',1,4,1,X'3332',14),
	(671,'2018-10-15 09:47:14','2018-10-16 06:17:11',1,5,1,X'3138',8),
	(672,'2018-10-15 09:47:14','2018-10-16 06:17:11',1,1,1,X'3139',9),
	(673,'2018-10-15 09:47:14','2018-10-16 06:17:11',1,7,1,X'3136',11),
	(674,'2018-10-15 11:04:18','2018-10-16 06:17:11',1,5,1,X'3130',5),
	(675,'2018-10-15 11:13:12','2018-10-16 09:07:51',0,7,1,X'3132',2),
	(676,'2018-10-15 11:13:12','2018-10-16 06:17:11',1,4,1,X'3131',6),
	(677,'2018-10-15 11:13:12','2018-10-16 02:20:59',1,3,1,X'3236',17),
	(678,'2018-10-16 06:17:11','2018-10-16 06:17:11',1,0,1,X'3133',3);

/*!40000 ALTER TABLE `user_channel` ENABLE KEYS */;
UNLOCK TABLES;


# Dump of table user_follow
# ------------------------------------------------------------

DROP TABLE IF EXISTS `user_follow`;

CREATE TABLE `user_follow` (
  `id` bigint(20) NOT NULL AUTO_INCREMENT,
  `create_date_time` datetime NOT NULL,
  `update_date_time` datetime NOT NULL,
  `deleted` tinyint(4) NOT NULL,
  `version` bigint(20) DEFAULT NULL,
  `user_id` bigint(20) DEFAULT NULL COMMENT '用户ID',
  `follow_user_id` bigint(20) DEFAULT NULL COMMENT '关注的用户ID',
  PRIMARY KEY (`id`)
) ENGINE=InnoDB DEFAULT CHARSET=utf8 COLLATE=utf8_bin;

LOCK TABLES `user_follow` WRITE;
/*!40000 ALTER TABLE `user_follow` DISABLE KEYS */;

INSERT INTO `user_follow` (`id`, `create_date_time`, `update_date_time`, `deleted`, `version`, `user_id`, `follow_user_id`)
VALUES
	(8,'2018-09-17 03:10:51','2018-09-17 04:03:06',1,1,14,1),
	(9,'2018-09-17 03:20:07','2018-10-10 06:16:31',0,40,12,1),
	(10,'2018-09-17 03:23:32','2018-09-17 03:23:32',0,0,14,12),
	(11,'2018-09-17 04:05:42','2018-09-17 05:44:38',1,9,12,14),
	(12,'2018-09-17 05:23:28','2018-09-20 04:11:31',1,17,12,12),
	(13,'2018-09-18 08:49:56','2018-09-18 08:49:56',0,0,20,1),
	(14,'2018-09-18 08:52:04','2018-09-18 08:52:37',1,1,20,20),
	(15,'2018-09-18 09:18:16','2018-09-18 09:18:16',0,0,20,12),
	(16,'2018-09-19 11:42:10','2018-09-26 02:55:56',0,16,12,20),
	(19,'2018-09-21 14:30:00','2018-09-21 14:31:49',1,1,1,21);

/*!40000 ALTER TABLE `user_follow` ENABLE KEYS */;
UNLOCK TABLES;


# Dump of table user_oauth
# ------------------------------------------------------------

DROP TABLE IF EXISTS `user_oauth`;

CREATE TABLE `user_oauth` (
  `id` bigint(20) NOT NULL AUTO_INCREMENT,
  `create_date_time` datetime NOT NULL,
  `update_date_time` datetime NOT NULL,
  `deleted` tinyint(4) NOT NULL,
  `version` bigint(20) DEFAULT NULL,
  `user_id` bigint(20) DEFAULT NULL COMMENT '用户ID',
  `oauth_type` varchar(50) COLLATE utf8_bin DEFAULT NULL COMMENT '第三方类型',
  `oauth_user_id` varchar(255) COLLATE utf8_bin DEFAULT NULL COMMENT '第三方用户Id',
  `oauth_token` varchar(255) CHARACTER SET utf8mb4 COLLATE utf8mb4_bin DEFAULT NULL COMMENT '第三方用户Token',
  `oauth_expires` varchar(255) CHARACTER SET utf8mb4 COLLATE utf8mb4_bin DEFAULT NULL COMMENT 'Token过期时间',
  `nick_name` varchar(255) CHARACTER SET utf8mb4 COLLATE utf8mb4_bin DEFAULT NULL COMMENT '第三方用户昵称',
  `avatar` varchar(255) CHARACTER SET utf8mb4 COLLATE utf8mb4_bin DEFAULT NULL COMMENT '第三方用户头像',
  PRIMARY KEY (`id`)
) ENGINE=InnoDB DEFAULT CHARSET=utf8 COLLATE=utf8_bin;

LOCK TABLES `user_oauth` WRITE;
/*!40000 ALTER TABLE `user_oauth` DISABLE KEYS */;

INSERT INTO `user_oauth` (`id`, `create_date_time`, `update_date_time`, `deleted`, `version`, `user_id`, `oauth_type`, `oauth_user_id`, `oauth_token`, `oauth_expires`, `nick_name`, `avatar`)
VALUES
	(2,'2018-09-13 05:48:16','2018-09-13 05:48:16',0,0,25,X'66616365626F6F6B',X'313136373136353235393534383336',X'45414147546F79664431684D42414C6D445A414669633555433745794136695477417149356B42346E6C41797342664B536F736D6A4145504258396648344E4D667A4B465A415A4331306F6E4147317373704132414C45386E79626D4637494D55315A4368674D7033755562344C62525A416F68344D336237394949743832745A43325268623043546264676B6E484A6B37556F4B6775495A4272774139766F306537346E77534D657554716539385A43446F73387A6F4453657977686472536F6139616635774742694E49696E756572757A444E36794E5554566972664451306751394D77545251656C625577675A445A44',NULL,NULL,NULL),
	(3,'2018-09-14 11:09:39','2018-09-14 11:09:39',0,0,35,X'66616365626F6F6B',X'323130383237303833313234363431',X'454141444E4C346D5A42637A6B424150537A6B4179614E4B6B456C63694668306F464E376E355567506F52537055317451566F417154526455363564664E416F6871336C67565A414575303030576F6C537A65644D736A5558686C6174347062716670634235734F67444567666D714F6A316844574E6E5A4169475A434878527677635073326176313233456332366F65787073533542444B554A3876586566316737755A424250356E7265447535347762596A61534934495072443468446F536964484C7A34757169445079736565573764396945566A396C6737574542456B744C4F6963534772415A42515A445A44',X'547565204E6F762031332031393A30393A333020474D542B30383A30302032303138',NULL,NULL),
	(4,'2018-09-17 04:03:39','2018-09-17 04:03:39',0,0,36,X'66616365626F6F6B',X'323238343032343434373030343338',X'45414147546F79664431684D42414E317146327257495131757A49456C656E5A4231777154765452696F6A4250773064525A43417836584438486F505068506A747A30466B4E776469377737674A7A315A4364656D476B5A4374303552424A566737674341437A5A4148723536533657495954544C5A434D674D517A694D34774451526C63787677436377615242707435724349503952763647397244545A4373725257774A44496B63656641767673584B6468376C6275315A43694C617767594E587A6738704964744B593666304F3966736469515930426F72667177536C417979594E76736773784958367A515A445A44',X'467269204E6F762031362031323A30333A323620474D542B30383A30302032303138',NULL,NULL);

/*!40000 ALTER TABLE `user_oauth` ENABLE KEYS */;
UNLOCK TABLES;



/*!40111 SET SQL_NOTES=@OLD_SQL_NOTES */;
/*!40101 SET SQL_MODE=@OLD_SQL_MODE */;
/*!40014 SET FOREIGN_KEY_CHECKS=@OLD_FOREIGN_KEY_CHECKS */;
/*!40101 SET CHARACTER_SET_CLIENT=@OLD_CHARACTER_SET_CLIENT */;
/*!40101 SET CHARACTER_SET_RESULTS=@OLD_CHARACTER_SET_RESULTS */;
/*!40101 SET COLLATION_CONNECTION=@OLD_COLLATION_CONNECTION */;
